current_date,probabilityCatch,sum((offspring where each.isEgg) collect each.count),sum((offspring where !each.isEgg) collect each.count),(juvenil count true) + (migrant count each.isJuvenil),(adult count true) + (migrant count !each.isJuvenil),adult count each.slipped,adult count !each.slipped,catched_adult_tot,catched_juv_tot,eggs_tot,larva_tot,juv_tot,adult_tot,migrantJuv_tot,migrantAdult_tot
date ('2000-01-02 00:00:00'),0.95,0,0,0,50,0,50,0,0,0,0,0,50,0,0
date ('2000-01-02 00:00:00'),0.95,0,0,0,50,0,50,0,0,0,0,0,50,0,0
date ('2000-01-02 00:00:00'),0.95,0,0,0,50,0,50,0,0,0,0,0,50,0,0
date ('2001-01-02 00:00:00'),0.95,0,0,60,21,0,21,0,0,300,150,60,50,25,0
date ('2001-01-02 00:00:00'),0.95,0,0,0,28,0,28,0,0,0,0,0,50,0,0
date ('2001-01-02 00:00:00'),0.95,0,0,60,28,0,28,0,0,300,150,60,50,24,0
date ('2002-01-02 00:00:00'),0.95,0,0,515,134,0,134,0,0,5700,2850,840,190,304,0
date ('2002-01-02 00:00:00'),0.95,0,0,233,70,0,70,0,0,2100,1050,383,108,151,0
date ('2002-01-02 00:00:00'),0.95,0,0,554,128,0,128,0,0,7200,3600,881,174,318,0
date ('2003-01-02 00:00:00'),0.95,0,0,0,187,0,187,0,0,52200,26100,840,427,304,0
date ('2003-01-02 00:00:00'),0.95,0,0,446,202,0,202,0,0,24600,12300,1321,409,519,0
date ('2003-01-02 00:00:00'),0.95,0,0,976,159,0,159,0,0,46200,23100,1868,390,693,0
date ('2004-01-02 00:00:00'),0.95,0,0,231,117,0,117,0,0,53700,26850,1131,448,426,0
date ('2004-01-02 00:00:00'),0.95,0,0,465,262,0,262,0,0,68100,34050,2081,706,812,0
date ('2004-01-02 00:00:00'),0.95,0,0,1251,282,0,282,0,0,100800,50400,3119,790,1147,0
date ('2005-01-02 00:00:00'),0.95,0,0,982,119,0,119,0,0,77100,38550,2176,557,818,0
date ('2005-01-02 00:00:00'),0.95,0,0,423,565,0,565,0,0,105900,52950,3974,1479,1514,0
date ('2005-01-02 00:00:00'),0.95,0,0,1295,532,0,532,0,0,190500,95250,4929,1528,1819,0
date ('2006-01-02 00:00:00'),0.95,0,0,359,271,0,271,0,0,130500,65250,2532,930,933,0
date ('2006-01-02 00:00:00'),0.95,0,0,767,389,0,389,0,0,189000,94500,4741,1638,1773,0
date ('2006-01-02 00:00:00'),0.95,0,0,1972,525,0,525,0,0,297300,148650,6899,2061,2568,0
date ('2007-01-02 00:00:00'),0.95,0,0,763,450,0,450,0,0,157800,78900,3908,1308,1445,0
date ('2007-01-02 00:00:00'),0.95,0,0,176,769,0,769,0,0,235800,117900,5949,2350,2195,0
date ('2007-01-02 00:00:00'),0.95,0,0,1329,676,0,676,0,0,437400,218700,8223,2871,3049,0
date ('2008-01-02 00:00:00'),0.95,0,0,274,601,0,601,0,0,237000,118500,4784,1823,1781,0
date ('2008-01-02 00:00:00'),0.95,0,0,1673,459,0,459,0,0,324900,162450,7731,2461,2839,0
date ('2008-01-02 00:00:00'),0.95,0,0,2053,742,0,742,0,0,533700,266850,10543,3542,3910,0
date ('2009-01-02 00:00:00'),0.95,0,0,120,906,0,906,0,0,293100,146550,6525,2574,2421,0
date ('2009-01-02 00:00:00'),0.95,0,0,63,1000,0,1000,0,0,442500,221250,8959,3622,3313,0
date ('2009-01-02 00:00:00'),0.95,0,0,1523,1065,0,1065,0,0,705600,352800,12848,4680,4746,0
date ('2010-01-02 00:00:00'),0.95,0,0,978,724,0,724,0,0,405000,202500,8152,2877,2976,0
date ('2010-01-02 00:00:00'),0.95,0,0,1158,1276,0,1276,0,0,525900,262950,12173,4493,4540,0
date ('2010-01-02 00:00:00'),0.95,0,0,548,1204,0,1204,0,0,869100,434550,14427,5692,5345,0
date ('2011-01-02 00:00:00'),0.95,0,0,363,543,0,543,0,0,511200,255600,8507,3286,3102,0
date ('2011-01-02 00:00:00'),0.95,0,0,1601,874,0,874,0,0,730200,365100,13765,4976,5086,0
date ('2011-01-02 00:00:00'),0.95,0,0,1263,702,0,702,0,0,993900,496950,15678,5890,5770,0
date ('2012-01-02 00:00:00'),0.95,0,0,2025,369,0,369,0,0,555300,277650,10524,3427,3881,0
date ('2012-01-02 00:00:00'),0.95,0,0,1852,720,0,720,0,0,846000,423000,15608,5589,5744,0
date ('2012-01-02 00:00:00'),0.95,0,0,965,587,0,587,0,0,1107000,553500,16629,6384,6121,0
date ('2013-01-02 00:00:00'),0.95,0,0,963,629,0,629,0,0,701700,350850,11573,4249,4274,0
date ('2013-01-02 00:00:00'),0.95,0,0,907,735,0,735,0,0,996600,498300,16505,6325,6112,0
date ('2013-01-02 00:00:00'),0.95,0,0,1433,497,0,497,0,0,1188300,594150,18047,6763,6643,0
date ('2014-01-02 00:00:00'),0.95,0,0,1390,578,0,578,0,0,773700,386850,13383,4822,4971,0
date ('2014-01-02 00:00:00'),0.95,0,0,3258,758,0,758,0,0,1075200,537600,20835,7109,7704,0
date ('2014-01-02 00:00:00'),0.95,0,0,1920,566,0,566,0,0,1293900,646950,20238,7440,7446,0
date ('2015-01-02 00:00:00'),0.95,0,0,2009,570,0,570,0,0,897300,448650,15379,5374,5723,0
date ('2015-01-02 00:00:00'),0.95,0,0,2542,1027,0,1027,0,0,1349100,674550,23363,8424,8643,0
date ('2015-01-02 00:00:00'),0.95,0,0,1773,698,0,698,0,0,1441200,720600,21992,8235,8062,0
date ('2016-01-02 00:00:00'),0.95,0,0,409,1115,0,1115,0,0,1026300,513150,16909,6659,6291,0
date ('2016-01-02 00:00:00'),0.95,0,0,1467,1428,0,1428,0,0,1519800,759900,25909,9815,9537,0
date ('2016-01-02 00:00:00'),0.95,0,0,1059,1166,0,1166,0,0,1564200,782100,24103,9383,8851,0
date ('2017-01-02 00:00:00'),0.95,0,0,506,640,0,640,0,0,1146300,573150,17398,6806,6465,0
date ('2017-01-02 00:00:00'),0.95,0,0,733,1014,0,1014,0,0,1736700,868350,26627,10402,9795,0
date ('2017-01-02 00:00:00'),0.95,0,0,1179,793,0,793,0,0,1729800,864900,25260,9801,9293,0
date ('2018-01-02 00:00:00'),0.95,0,0,134,599,0,599,0,0,1204500,602250,18015,7211,6710,0
date ('2018-01-02 00:00:00'),0.95,0,0,376,769,0,769,0,0,1819800,909900,27343,10806,10050,0
date ('2018-01-02 00:00:00'),0.95,0,0,205,610,0,610,0,0,1830000,915000,25440,10275,9356,0
date ('2019-01-02 00:00:00'),0.95,0,0,878,310,0,310,0,0,1276500,638250,18875,7257,7021,0
date ('2019-01-02 00:00:00'),0.95,0,0,2258,527,0,527,0,0,1910100,955050,29722,11001,10902,0
date ('2019-01-02 00:00:00'),0.95,0,0,1971,369,0,369,0,0,1877100,938550,27417,10360,10078,0
date ('2020-01-02 00:00:00'),0.95,0,0,1879,428,0,428,0,0,1342500,671250,21369,7874,7939,0
date ('2020-01-02 00:00:00'),0.95,0,0,2227,908,0,908,0,0,2065500,1032750,32996,12334,12121,0
date ('2020-01-02 00:00:00'),0.95,0,0,1941,560,0,560,0,0,2016000,1008000,29332,11149,10746,0
date ('2021-01-02 00:00:00'),0.95,0,0,1128,298,19,279,522,0,1473900,736950,23065,8816,8585,0
date ('2021-01-02 00:00:00'),0.95,0,0,2354,860,32,828,609,0,2251200,1125600,36909,13845,13564,0
date ('2021-01-02 00:00:00'),0.95,0,0,1531,351,30,321,509,0,2147400,1073700,31277,12093,11464,0
date ('2022-01-02 00:00:00'),0.95,0,0,664,51,4,47,1027,0,1483800,741900,23706,9245,8814,0
date ('2022-01-02 00:00:00'),0.95,0,0,754,705,8,697,883,0,2417700,1208850,37639,14773,13819,0
date ('2022-01-02 00:00:00'),0.95,0,0,1425,90,8,82,1139,0,2172000,1086000,32675,12688,12015,0
date ('2023-01-02 00:00:00'),0.95,0,0,856,27,0,27,1280,0,1488600,744300,24538,9507,9115,0
date ('2023-01-02 00:00:00'),0.95,0,0,2757,383,0,383,1137,0,2437800,1218900,40371,15049,14799,0
date ('2023-01-02 00:00:00'),0.95,0,0,1549,84,0,84,1612,0,2190600,1095300,34196,13239,12582,0
date ('2024-01-02 00:00:00'),0.95,0,0,297,144,2,142,1492,0,1505400,752700,24991,9913,9283,0
date ('2024-01-02 00:00:00'),0.95,0,0,380,631,1,630,1392,0,2607600,1303800,40784,16153,14936,0
date ('2024-01-02 00:00:00'),0.95,0,0,274,347,1,346,2038,0,2217900,1108950,35072,14065,12908,0
date ('2025-01-02 00:00:00'),0.95,0,0,84,107,4,103,1626,0,1523400,761700,25231,10086,9370,0
date ('2025-01-02 00:00:00'),0.95,0,0,899,389,0,389,1418,0,2629800,1314900,41656,16282,15260,0
date ('2025-01-02 00:00:00'),0.95,0,0,278,123,14,109,2407,0,2239800,1119900,35678,14317,13112,0
date ('2026-01-02 00:00:00'),0.95,0,0,220,67,0,67,1675,0,1533600,766800,25547,10157,9503,0
date ('2026-01-02 00:00:00'),0.95,0,0,2156,363,0,363,1424,0,2732400,1366200,43841,16644,16112,0
date ('2026-01-02 00:00:00'),0.95,0,0,373,110,1,109,2493,0,2262000,1131000,36202,14500,13321,0
date ('2027-01-02 00:00:00'),0.95,0,0,85,68,0,68,1703,0,1549800,774900,25667,10249,9546,0
date ('2027-01-02 00:00:00'),0.95,0,0,150,811,0,811,1430,0,2870700,1435350,44490,17735,16363,0
date ('2027-01-02 00:00:00'),0.95,0,0,285,136,1,135,2501,0,2283600,1141800,36530,14656,13449,0
date ('2028-01-02 00:00:00'),0.95,0,0,86,41,0,41,1706,0,1555800,777900,25727,10270,9567,0
date ('2028-01-02 00:00:00'),0.95,0,0,1141,425,0,425,1434,0,2934300,1467150,45601,17794,16755,0
date ('2028-01-02 00:00:00'),0.95,0,0,89,113,0,113,2508,0,2307300,1153650,36590,14751,13478,0
date ('2029-01-02 00:00:00'),0.95,0,0,26,30,0,30,1706,0,1565400,782700,25727,10295,9567,0
date ('2029-01-02 00:00:00'),0.95,0,0,30,431,1,430,1437,0,3032400,1516200,45601,18239,16755,0
date ('2029-01-02 00:00:00'),0.95,0,0,118,72,0,72,2510,0,2314800,1157400,36678,14781,13509,0
date ('2030-01-02 00:00:00'),0.95,0,0,271,16,0,16,1706,0,1566900,783450,25972,10295,9658,0
date ('2030-01-02 00:00:00'),0.95,0,0,1849,228,0,228,1437,0,3047100,1523550,47420,18239,17420,0
date ('2030-01-02 00:00:00'),0.95,0,0,200,48,0,48,2511,0,2328000,1164000,36848,14813,13584,0
date ('2031-01-02 00:00:00'),0.95,0,0,291,50,0,50,1709,0,1580100,790050,26236,10381,9762,0
date ('2031-01-02 00:00:00'),0.95,0,0,2763,494,0,494,1444,0,3185700,1592850,50185,18982,18453,0
date ('2031-01-02 00:00:00'),0.95,0,0,303,55,0,55,2511,0,2342700,1171350,37121,14886,13689,0
date ('2032-01-02 00:00:00'),0.95,0,0,143,70,0,70,1718,0,1595700,797850,26352,10477,9798,0
date ('2032-01-02 00:00:00'),0.95,0,0,689,787,0,787,1452,0,3344400,1672200,50866,20058,18699,0
date ('2032-01-02 00:00:00'),0.95,0,0,147,130,0,130,2517,0,2360400,1180200,37417,15052,13799,0
date ('2033-01-02 00:00:00'),0.95,0,0,87,73,0,73,1720,0,1606200,803100,26440,10533,9836,0
date ('2033-01-02 00:00:00'),0.95,0,0,1429,872,0,872,1460,0,3429600,1714800,53107,20692,19557,0
date ('2033-01-02 00:00:00'),0.95,0,0,149,188,0,188,2532,0,2378400,1189200,37785,15206,13933,0
date ('2034-01-02 00:00:00'),0.95,0,0,87,53,0,53,1723,0,1615500,807750,26500,10561,9865,0
date ('2034-01-02 00:00:00'),0.95,0,0,129,700,0,700,1464,0,3594000,1797000,53195,21243,19592,0
date ('2034-01-02 00:00:00'),0.95,0,0,33,119,0,119,2534,0,2403300,1201650,37785,15254,13933,0
date ('2035-01-02 00:00:00'),0.95,0,0,27,42,0,42,1724,0,1620900,810450,26528,10587,9879,0
date ('2035-01-02 00:00:00'),0.95,0,0,223,1312,0,1312,1464,0,3618300,1809150,55736,22203,20525,0
date ('2035-01-02 00:00:00'),0.95,0,0,93,88,0,88,2534,0,2408700,1204350,37904,15281,13976,0
date ('2036-01-02 00:00:00'),0.95,0,0,291,24,0,24,1725,0,1625400,812700,26792,10587,9974,0
date ('2036-01-02 00:00:00'),0.95,0,0,859,682,0,682,1476,0,3798900,1899450,56560,22283,20816,0
date ('2036-01-02 00:00:00'),0.95,0,0,189,52,0,52,2534,0,2424600,1212300,38060,15305,14030,0
date ('2037-01-02 00:00:00'),0.95,0,0,28,99,0,99,1736,0,1638900,819450,26960,10738,10031,0
date ('2037-01-02 00:00:00'),0.95,0,0,104,1061,0,1061,1478,0,3853500,1926750,58248,23266,21448,0
date ('2037-01-02 00:00:00'),0.95,0,0,93,92,0,92,2534,0,2432100,1216050,38232,15409,14085,0
date ('2038-01-02 00:00:00'),0.95,0,0,172,49,0,49,1736,0,1648800,824400,27104,10738,10087,0
date ('2038-01-02 00:00:00'),0.95,0,0,2290,690,0,690,1482,0,3986400,1993200,60892,23460,22500,0
date ('2038-01-02 00:00:00'),0.95,0,0,260,154,0,154,2539,0,2448000,1224000,38693,15538,14258,0
date ('2039-01-02 00:00:00'),0.95,0,0,29,61,0,61,1736,0,1662000,831000,27104,10792,10087,0
date ('2039-01-02 00:00:00'),0.95,0,0,45,801,0,801,1492,0,4146900,2073450,60892,24357,22500,0
date ('2039-01-02 00:00:00'),0.95,0,0,34,130,0,130,2550,0,2478000,1239000,38693,15629,14258,0
date ('2040-01-02 00:00:00'),0.95,0,0,323,33,0,33,1736,0,1665000,832500,27398,10792,10194,0
date ('2040-01-02 00:00:00'),0.95,0,0,2317,412,0,412,1492,0,4177500,2088750,63164,24357,23326,0
date ('2040-01-02 00:00:00'),0.95,0,0,404,73,0,73,2550,0,2482200,1241100,39063,15629,14405,0
date ('2041-01-02 00:00:00'),0.95,0,0,293,75,0,75,1742,0,1684200,842100,27662,10908,10274,0
date ('2041-01-02 00:00:00'),0.95,0,0,1897,674,0,674,1496,0,4355700,2177850,65014,25236,23990,0
date ('2041-01-02 00:00:00'),0.95,0,0,62,105,0,105,2558,0,2514600,1257300,39091,15764,14415,0
date ('2042-01-02 00:00:00'),0.95,0,0,229,84,0,84,1750,0,1700400,850200,27862,11016,10348,0
date ('2042-01-02 00:00:00'),0.95,0,0,1054,689,0,689,1503,0,4465800,2232900,66017,25985,24349,0
date ('2042-01-02 00:00:00'),0.95,0,0,153,62,0,62,2559,0,2517900,1258950,39210,15773,14468,0
date ('2043-01-02 00:00:00'),0.95,0,0,270,94,0,94,1753,0,1717500,858750,28103,11112,10435,0
date ('2043-01-02 00:00:00'),0.95,0,0,1676,537,0,537,1504,0,4570800,2285400,67642,26354,24978,0
date ('2043-01-02 00:00:00'),0.95,0,0,439,41,0,41,2559,0,2535000,1267500,39615,15820,14626,0
date ('2044-01-02 00:00:00'),0.95,0,0,89,160,0,160,1768,0,1736100,868050,28316,11276,10519,0
date ('2044-01-02 00:00:00'),0.95,0,0,233,1246,1,1245,1511,0,4693800,2346900,69485,27660,25676,0
date ('2044-01-02 00:00:00'),0.95,0,0,34,123,0,123,2567,0,2559300,1279650,39643,15990,14637,0
date ('2045-01-02 00:00:00'),0.95,0,0,29,98,0,98,1769,0,1751100,875550,28316,11296,10519,0
date ('2045-01-02 00:00:00'),0.95,0,0,673,628,0,628,1512,0,4829400,2414700,70105,27735,25916,0
date ('2045-01-02 00:00:00'),0.95,0,0,387,53,0,53,2567,0,2565900,1282950,39996,15990,14782,0
date ('2046-01-02 00:00:00'),0.95,0,0,89,53,0,53,1769,0,1757700,878850,28376,11296,10540,0
date ('2046-01-02 00:00:00'),0.95,0,0,114,676,0,676,1517,0,4893600,2446800,70850,28244,26209,0
date ('2046-01-02 00:00:00'),0.95,0,0,35,117,0,117,2577,0,2594100,1297050,40056,16162,14805,0
date ('2047-01-02 00:00:00'),0.95,0,0,29,31,0,31,1769,0,1765200,882600,28376,11317,10540,0
date ('2047-01-02 00:00:00'),0.95,0,0,1450,463,0,463,1523,0,4969500,2484750,72526,28382,26848,0
date ('2047-01-02 00:00:00'),0.95,0,0,295,51,1,50,2615,0,2595900,1297950,40376,16188,14920,0
date ('2048-01-02 00:00:00'),0.95,0,0,145,16,0,16,1769,0,1766400,883200,28492,11317,10588,0
date ('2048-01-02 00:00:00'),0.95,0,0,2352,541,0,541,1523,0,5085300,2542650,74876,28970,27771,0
date ('2048-01-02 00:00:00'),0.95,0,0,191,75,0,75,2619,0,2616600,1308300,40532,16290,14979,0
date ('2049-01-02 00:00:00'),0.95,0,0,197,40,0,40,1772,0,1771500,885750,28713,11370,10677,0
date ('2049-01-02 00:00:00'),0.95,0,0,1455,886,0,886,1526,0,5243700,2621850,76730,30098,28465,0
date ('2049-01-02 00:00:00'),0.95,0,0,95,62,0,62,2619,0,2627400,1313700,40592,16347,15001,0
date ('2000-01-02 00:00:00'),0.8,0,0,0,50,0,50,0,0,0,0,0,50,0,0
date ('2000-01-02 00:00:00'),0.8,0,0,0,50,0,50,0,0,0,0,0,50,0,0
date ('2000-01-02 00:00:00'),0.8,0,0,0,50,0,50,0,0,0,0,0,50,0,0
date ('2001-01-02 00:00:00'),0.8,0,0,0,26,0,26,0,0,0,0,0,50,0,0
date ('2001-01-02 00:00:00'),0.8,0,0,0,27,0,27,0,0,0,0,0,50,0,0
date ('2001-01-02 00:00:00'),0.8,0,0,0,27,0,27,0,0,0,0,0,50,0,0
date ('2002-01-02 00:00:00'),0.8,0,0,353,44,0,44,0,0,2400,1200,458,79,177,0
date ('2002-01-02 00:00:00'),0.8,0,0,339,103,0,103,0,0,3000,1500,539,141,208,0
date ('2002-01-02 00:00:00'),0.8,0,0,176,131,0,131,0,0,2700,1350,465,167,172,0
date ('2003-01-02 00:00:00'),0.8,0,0,629,191,0,191,0,0,25500,12750,1557,404,569,0
date ('2003-01-02 00:00:00'),0.8,0,0,751,216,0,216,0,0,37800,18900,1696,441,631,0
date ('2003-01-02 00:00:00'),0.8,0,0,732,170,0,170,0,0,26400,13200,1580,402,595,0
date ('2004-01-02 00:00:00'),0.8,0,0,305,303,0,303,0,0,69000,34500,2206,795,813,0
date ('2004-01-02 00:00:00'),0.8,0,0,498,350,0,350,0,0,90300,45150,2545,919,954,0
date ('2004-01-02 00:00:00'),0.8,0,0,301,291,0,291,0,0,76500,38250,2111,771,791,0
date ('2005-01-02 00:00:00'),0.8,0,0,708,557,0,557,0,0,102600,51300,4210,1430,1589,0
date ('2005-01-02 00:00:00'),0.8,0,0,563,541,0,541,0,0,140400,70200,4204,1599,1536,0
date ('2005-01-02 00:00:00'),0.8,0,0,626,407,0,407,0,0,109200,54600,3629,1241,1358,0
date ('2006-01-02 00:00:00'),0.8,0,0,1452,424,0,424,0,0,188700,94350,5655,1711,2111,0
date ('2006-01-02 00:00:00'),0.8,0,0,571,377,0,377,0,0,217200,108600,4770,1834,1765,0
date ('2006-01-02 00:00:00'),0.8,0,0,1387,329,0,329,0,0,188400,94200,5013,1478,1878,0
date ('2007-01-02 00:00:00'),0.8,0,0,415,707,0,707,0,0,277200,138600,6569,2496,2453,0
date ('2007-01-02 00:00:00'),0.8,0,0,181,902,0,902,0,0,254100,127050,6482,2658,2412,0
date ('2007-01-02 00:00:00'),0.8,0,0,184,608,0,608,0,0,282600,141300,5562,2213,2087,0
date ('2008-01-02 00:00:00'),0.8,0,0,1335,433,0,433,0,0,353700,176850,7932,2672,2944,0
date ('2008-01-02 00:00:00'),0.8,0,0,1900,522,0,522,0,0,377400,188700,8483,2773,3156,0
date ('2008-01-02 00:00:00'),0.8,0,0,1679,367,0,367,0,0,335100,167550,7411,2344,2772,0
date ('2009-01-02 00:00:00'),0.8,0,0,734,964,0,964,0,0,448800,224400,9875,3648,3692,0
date ('2009-01-02 00:00:00'),0.8,0,0,72,989,0,989,0,0,496500,248250,9565,3923,3552,0
date ('2009-01-02 00:00:00'),0.8,0,0,66,1235,0,1235,0,0,458700,229350,9311,3768,3485,0
date ('2010-01-02 00:00:00'),0.8,0,0,941,1303,0,1303,0,0,576900,288450,12514,4649,4652,0
date ('2010-01-02 00:00:00'),0.8,0,0,1078,813,0,813,0,0,582600,291300,11438,4253,4241,0
date ('2010-01-02 00:00:00'),0.8,0,0,1051,788,0,788,0,0,571800,285900,10775,3969,4024,0
date ('2011-01-02 00:00:00'),0.8,0,0,537,846,0,846,0,0,756900,378450,13036,5013,4864,0
date ('2011-01-02 00:00:00'),0.8,0,0,100,589,0,589,0,0,721200,360600,11526,4683,4271,0
date ('2011-01-02 00:00:00'),0.8,0,0,219,573,0,573,0,0,677100,338550,10987,4368,4100,0
date ('2012-01-02 00:00:00'),0.8,0,0,1189,550,0,550,0,0,815700,407850,14209,5226,5286,0
date ('2012-01-02 00:00:00'),0.8,0,0,2392,321,0,321,0,0,749700,374850,13906,4719,5202,0
date ('2012-01-02 00:00:00'),0.8,0,0,2201,325,0,325,0,0,713400,356700,13181,4445,4902,0
date ('2013-01-02 00:00:00'),0.8,0,0,1342,505,0,505,0,0,926700,463350,15535,5697,5793,0
date ('2013-01-02 00:00:00'),0.8,0,0,1072,744,0,744,0,0,923400,461700,15122,5742,5681,0
date ('2013-01-02 00:00:00'),0.8,0,0,1675,714,0,714,0,0,863400,431700,15145,5440,5653,0
date ('2014-01-02 00:00:00'),0.8,0,0,1684,542,0,542,0,0,1020000,510000,17423,6292,6532,0
date ('2014-01-02 00:00:00'),0.8,0,0,874,831,0,831,0,0,1002000,501000,16989,6593,6411,0
date ('2014-01-02 00:00:00'),0.8,0,0,889,767,0,767,0,0,985500,492750,16274,6186,6083,0
date ('2015-01-02 00:00:00'),0.8,0,0,2574,621,0,621,0,0,1152900,576450,20160,7039,7552,0
date ('2015-01-02 00:00:00'),0.8,0,0,1430,574,0,574,0,0,1124700,562350,18401,6953,6946,0
date ('2015-01-02 00:00:00'),0.8,0,0,1751,622,0,622,0,0,1076400,538200,18262,6621,6811,0
date ('2016-01-02 00:00:00'),0.8,0,0,428,1512,0,1512,0,0,1321500,660750,22273,8747,8344,0
date ('2016-01-02 00:00:00'),0.8,0,0,352,986,0,986,0,0,1229700,614850,19725,7918,7456,0
date ('2016-01-02 00:00:00'),0.8,0,0,345,1178,0,1178,0,0,1213200,606600,19896,7828,7424,0
date ('2017-01-02 00:00:00'),0.8,0,0,815,902,0,902,0,0,1480800,740400,23066,8915,8634,0
date ('2017-01-02 00:00:00'),0.8,0,0,232,591,0,591,0,0,1333500,666750,19935,8053,7539,0
date ('2017-01-02 00:00:00'),0.8,0,0,518,638,0,638,0,0,1326300,663150,20401,7957,7613,0
date ('2018-01-02 00:00:00'),0.8,0,0,227,682,0,682,0,0,1573800,786900,23504,9348,8785,0
date ('2018-01-02 00:00:00'),0.8,0,0,82,526,0,526,0,0,1376100,688050,20422,8315,7705,0
date ('2018-01-02 00:00:00'),0.8,0,0,132,955,0,955,0,0,1390800,695400,21863,8706,8144,0
date ('2019-01-02 00:00:00'),0.8,0,0,517,374,0,374,0,0,1643400,821700,23997,9435,8983,0
date ('2019-01-02 00:00:00'),0.8,0,0,1781,362,0,362,0,0,1435800,717900,22415,8435,8468,0
date ('2019-01-02 00:00:00'),0.8,0,0,2531,510,0,510,0,0,1502400,751200,24378,8759,9105,0
date ('2020-01-02 00:00:00'),0.8,0,0,2360,308,0,308,0,0,1692300,846150,26452,9675,9908,0
date ('2020-01-02 00:00:00'),0.8,0,0,1550,578,0,578,0,0,1549200,774600,24223,9224,9136,0
date ('2020-01-02 00:00:00'),0.8,0,0,1824,778,0,778,0,0,1668600,834300,26184,9787,9782,0
date ('2021-01-02 00:00:00'),0.8,0,0,1859,478,93,385,354,0,1843500,921750,28909,10810,10827,0
date ('2021-01-02 00:00:00'),0.8,0,0,1003,375,111,264,530,0,1655700,827850,26028,10159,9852,0
date ('2021-01-02 00:00:00'),0.8,0,0,1141,566,132,434,510,0,1798500,899250,28139,10869,10500,0
date ('2022-01-02 00:00:00'),0.8,0,0,1809,229,40,189,986,0,1896900,948450,30692,11554,11491,0
date ('2022-01-02 00:00:00'),0.8,0,0,1920,165,25,140,842,0,1699500,849750,27919,10543,10571,0
date ('2022-01-02 00:00:00'),0.8,0,0,2253,225,23,202,942,0,1867800,933900,30372,11336,11324,0
date ('2023-01-02 00:00:00'),0.8,0,0,3040,177,15,162,1545,0,1942200,971100,33706,12297,12611,0
date ('2023-01-02 00:00:00'),0.8,0,0,1098,128,19,109,1506,0,1732200,866100,28987,11318,10957,0
date ('2023-01-02 00:00:00'),0.8,0,0,2813,255,13,242,1515,0,1931700,965850,33163,12204,12329,0
date ('2024-01-02 00:00:00'),0.8,0,0,427,946,7,939,1821,0,2092800,1046400,35051,13922,13099,0
date ('2024-01-02 00:00:00'),0.8,0,0,765,705,9,696,1838,0,1756800,878400,31193,12348,11813,0
date ('2024-01-02 00:00:00'),0.8,0,0,500,1648,13,1635,2069,0,2033700,1016850,36723,14572,13688,0
date ('2025-01-02 00:00:00'),0.8,0,0,1090,754,70,684,2440,0,2126400,1063200,37731,14710,14123,0
date ('2025-01-02 00:00:00'),0.8,0,0,574,245,91,154,2842,0,1805100,902550,32892,13090,12451,0
date ('2025-01-02 00:00:00'),0.8,0,0,2059,687,94,593,3288,0,2148000,1074000,40160,15345,14966,0
date ('2026-01-02 00:00:00'),0.8,0,0,773,513,14,499,3053,0,2270100,1135050,39999,15724,15013,0
date ('2026-01-02 00:00:00'),0.8,0,0,658,163,21,142,3649,0,1839600,919800,35467,14081,13427,0
date ('2026-01-02 00:00:00'),0.8,0,0,1735,707,27,680,4065,0,2314200,1157100,43714,16904,16300,0
date ('2027-01-02 00:00:00'),0.8,0,0,386,793,10,783,3293,0,2320800,1160400,42758,16974,16047,0
date ('2027-01-02 00:00:00'),0.8,0,0,92,233,9,224,4095,0,1873500,936750,36692,14817,13856,0
date ('2027-01-02 00:00:00'),0.8,0,0,626,938,7,931,4565,0,2424300,1212150,46165,18331,17208,0
date ('2028-01-02 00:00:00'),0.8,0,0,564,450,1,449,3342,0,2425800,1212900,43288,17113,16270,0
date ('2028-01-02 00:00:00'),0.8,0,0,603,80,1,79,4161,0,1885500,942750,37256,14839,14060,0
date ('2028-01-02 00:00:00'),0.8,0,0,613,525,1,524,4650,0,2531400,1265700,46744,18557,17393,0
date ('2029-01-02 00:00:00'),0.8,0,0,149,615,6,609,3465,0,2443500,1221750,44308,17669,16643,0
date ('2029-01-02 00:00:00'),0.8,0,0,39,355,2,353,4336,0,1900200,950100,38067,15367,14347,0
date ('2029-01-02 00:00:00'),0.8,0,0,218,1526,1,1525,4784,0,2572800,1286400,49833,20025,18547,0
date ('2030-01-02 00:00:00'),0.8,0,0,1759,363,89,274,4047,0,2504400,1252200,47325,18215,17761,0
date ('2030-01-02 00:00:00'),0.8,0,0,185,213,112,101,4922,0,1914000,957000,39453,15868,14832,0
date ('2030-01-02 00:00:00'),0.8,0,0,2296,794,107,687,5455,0,2751300,1375650,53341,20588,19867,0
date ('2031-01-02 00:00:00'),0.8,0,0,375,589,55,534,4315,0,2625000,1312500,49204,19542,18485,0
date ('2031-01-02 00:00:00'),0.8,0,0,389,172,78,94,5235,0,1947000,973500,41482,16581,15593,0
date ('2031-01-02 00:00:00'),0.8,0,0,1214,893,73,820,5760,0,2902800,1451400,56260,22131,20961,0
date ('2032-01-02 00:00:00'),0.8,0,0,1640,797,15,782,4821,0,2674800,1337400,53760,20813,20194,0
date ('2032-01-02 00:00:00'),0.8,0,0,168,225,25,200,5927,0,1969200,984600,43675,17529,16409,0
date ('2032-01-02 00:00:00'),0.8,0,0,1448,707,21,686,6312,0,3027600,1513800,59173,23191,22072,0
date ('2033-01-02 00:00:00'),0.8,0,0,278,1708,10,1698,5076,0,2868000,1434000,57382,22802,21515,0
date ('2033-01-02 00:00:00'),0.8,0,0,107,119,19,100,6377,0,1990500,995250,44855,18021,16847,0
date ('2033-01-02 00:00:00'),0.8,0,0,334,911,7,904,6561,0,3143100,1571550,60944,24283,22749,0
date ('2034-01-02 00:00:00'),0.8,0,0,1814,891,2,889,5087,0,3032400,1516200,59148,22892,22178,0
date ('2034-01-02 00:00:00'),0.8,0,0,968,54,3,51,6404,0,1999800,999900,45776,18049,17198,0
date ('2034-01-02 00:00:00'),0.8,0,0,573,507,0,507,6569,0,3243000,1621500,61475,24402,22942,0
date ('2035-01-02 00:00:00'),0.8,0,0,219,958,0,958,5133,0,3185700,1592850,59877,23802,22474,0
date ('2035-01-02 00:00:00'),0.8,0,0,51,664,3,661,6644,0,2022900,1011450,47260,18977,17760,0
date ('2035-01-02 00:00:00'),0.8,0,0,102,489,0,489,6584,0,3301200,1650600,61900,24772,23104,0
date ('2036-01-02 00:00:00'),0.8,0,0,915,540,55,485,5439,0,3255000,1627500,61415,24143,23034,0
date ('2036-01-02 00:00:00'),0.8,0,0,289,246,125,121,7572,0,2043900,1021950,49127,19598,18502,0
date ('2036-01-02 00:00:00'),0.8,0,0,2435,367,0,367,6591,0,3350700,1675350,64635,24924,24060,0
date ('2037-01-02 00:00:00'),0.8,0,0,53,1871,48,1823,5661,0,3349500,1674750,66120,26447,24763,0
date ('2037-01-02 00:00:00'),0.8,0,0,58,252,84,168,7949,0,2080800,1040400,51276,20555,19366,0
date ('2037-01-02 00:00:00'),0.8,0,0,108,1518,0,1518,6598,0,3521700,1760850,66894,26725,24914,0
date ('2038-01-02 00:00:00'),0.8,0,0,1859,1085,13,1072,5958,0,3591300,1795650,69304,26986,25927,0
date ('2038-01-02 00:00:00'),0.8,0,0,58,139,17,122,8512,0,2099700,1049850,52765,21164,19916,0
date ('2038-01-02 00:00:00'),0.8,0,0,820,1045,0,1045,6606,0,3669300,1834650,68409,27045,25494,0
date ('2039-01-02 00:00:00'),0.8,0,0,861,851,4,847,6003,0,3730200,1865100,70110,27666,26240,0
date ('2039-01-02 00:00:00'),0.8,0,0,410,49,5,44,8545,0,2106900,1053450,53117,21164,20057,0
date ('2039-01-02 00:00:00'),0.8,0,0,109,647,0,647,6610,0,3801000,1900500,68469,27345,25520,0
date ('2040-01-02 00:00:00'),0.8,0,0,2315,508,2,506,6139,0,3816900,1908450,72369,27973,27084,0
date ('2040-01-02 00:00:00'),0.8,0,0,945,38,4,34,8666,0,2113800,1056900,54004,21307,20375,0
date ('2040-01-02 00:00:00'),0.8,0,0,1342,344,0,344,6631,0,3844500,1922250,69762,27371,25987,0
date ('2041-01-02 00:00:00'),0.8,0,0,3379,641,114,527,6891,0,3941400,1970700,77023,29408,28793,0
date ('2041-01-02 00:00:00'),0.8,0,0,452,160,64,96,9040,0,2147700,1073850,54993,21918,20737,0
date ('2041-01-02 00:00:00'),0.8,0,0,2053,452,10,442,6699,0,3950700,1975350,71944,27993,26768,0
date ('2042-01-02 00:00:00'),0.8,0,0,3309,1054,85,969,7216,0,4175100,2087550,82313,31554,30753,0
date ('2042-01-02 00:00:00'),0.8,0,0,261,184,61,123,9276,0,2175300,1087650,56363,22529,21256,0
date ('2042-01-02 00:00:00'),0.8,0,0,1957,658,12,646,6753,0,4095300,2047650,74165,28937,27607,0
date ('2043-01-02 00:00:00'),0.8,0,0,3884,1166,34,1132,7872,0,4402800,2201400,87993,33570,32905,0
date ('2043-01-02 00:00:00'),0.8,0,0,123,121,14,107,9714,0,2197500,1098750,57590,23060,21722,0
date ('2043-01-02 00:00:00'),0.8,0,0,2480,682,1,681,6807,0,4234800,2117400,76709,29737,28568,0
date ('2044-01-02 00:00:00'),0.8,0,0,902,2505,25,2480,8186,0,4677000,2338500,92643,36694,34613,0
date ('2044-01-02 00:00:00'),0.8,0,0,91,94,1,93,9875,0,2206200,1103100,58111,23264,21894,0
date ('2044-01-02 00:00:00'),0.8,0,0,297,826,5,821,6834,0,4405500,2202750,77144,30751,28750,0
date ('2045-01-02 00:00:00'),0.8,0,0,431,1440,4,1436,8198,0,4941300,2470650,93003,37039,34750,0
date ('2045-01-02 00:00:00'),0.8,0,0,63,53,0,53,9875,0,2218500,1109250,58111,23273,21894,0
date ('2045-01-02 00:00:00'),0.8,0,0,613,484,1,483,6835,0,4464300,2232150,77700,30840,28961,0
date ('2046-01-02 00:00:00'),0.8,0,0,312,1327,1,1326,8260,0,5028300,2514150,94604,37699,35350,0
date ('2046-01-02 00:00:00'),0.8,0,0,64,138,0,138,9875,0,2220600,1110300,58409,23384,22015,0
date ('2046-01-02 00:00:00'),0.8,0,0,178,536,1,535,6868,0,4536600,2268300,78370,31271,29208,0
date ('2047-01-02 00:00:00'),0.8,0,0,872,712,56,656,8555,0,5195400,2597700,96054,38080,35894,0
date ('2047-01-02 00:00:00'),0.8,0,0,356,60,0,60,9876,0,2240700,1120350,58701,23384,22123,0
date ('2047-01-02 00:00:00'),0.8,0,0,2325,510,58,452,7204,0,4570200,2285100,81926,31814,30503,0
date ('2048-01-02 00:00:00'),0.8,0,0,3246,600,44,556,8725,0,5270100,2635050,100571,38903,37547,0
date ('2048-01-02 00:00:00'),0.8,0,0,180,86,0,86,9882,0,2259600,1129800,58817,23506,22163,0
date ('2048-01-02 00:00:00'),0.8,0,0,2689,704,24,680,7302,0,4765500,2382750,84962,32924,31603,0
date ('2049-01-02 00:00:00'),0.8,0,0,3551,1648,26,1622,9215,0,5512200,2756100,107046,41430,39963,0
date ('2049-01-02 00:00:00'),0.8,0,0,64,133,0,133,9888,0,2270100,1135050,58987,23614,22222,0
date ('2049-01-02 00:00:00'),0.8,0,0,540,1095,15,1080,7591,0,4932900,2466450,86696,34504,32272,0
date ('2000-01-02 00:00:00'),0.5,0,0,0,50,0,50,0,0,0,0,0,50,0,0
date ('2000-01-02 00:00:00'),0.5,0,0,0,50,0,50,0,0,0,0,0,50,0,0
date ('2000-01-02 00:00:00'),0.5,0,0,0,50,0,50,0,0,0,0,0,50,0,0
date ('2001-01-02 00:00:00'),0.5,0,0,60,24,0,24,0,0,300,150,60,50,19,0
date ('2001-01-02 00:00:00'),0.5,0,0,60,29,0,29,0,0,300,150,60,50,15,0
date ('2001-01-02 00:00:00'),0.5,0,0,60,24,0,24,0,0,300,150,60,50,25,0
date ('2002-01-02 00:00:00'),0.5,0,0,433,117,0,117,0,0,4500,2250,713,168,272,0
date ('2002-01-02 00:00:00'),0.5,0,0,607,157,0,157,0,0,6900,3450,961,203,362,0
date ('2002-01-02 00:00:00'),0.5,0,0,564,133,0,133,0,0,6000,3000,874,179,309,0
date ('2003-01-02 00:00:00'),0.5,0,0,856,210,0,210,0,0,44100,22050,1909,475,727,0
date ('2003-01-02 00:00:00'),0.5,0,0,437,204,0,204,0,0,53100,26550,1397,441,533,0
date ('2003-01-02 00:00:00'),0.5,0,0,1,177,0,177,0,0,56400,28200,874,422,309,0
date ('2004-01-02 00:00:00'),0.5,0,0,774,274,0,274,0,0,93300,46650,2682,830,1015,0
date ('2004-01-02 00:00:00'),0.5,0,0,842,193,0,193,0,0,77100,38550,2236,603,866,0
date ('2004-01-02 00:00:00'),0.5,0,0,282,117,0,117,0,0,58200,29100,1214,450,439,0
date ('2005-01-02 00:00:00'),0.5,0,0,879,473,0,473,0,0,143700,71850,4564,1537,1713,0
date ('2005-01-02 00:00:00'),0.5,0,0,1110,480,0,480,0,0,134700,67350,4299,1346,1644,0
date ('2005-01-02 00:00:00'),0.5,0,0,660,125,0,125,0,0,90000,45000,1871,568,690,0
date ('2006-01-02 00:00:00'),0.5,0,0,968,417,0,417,0,0,226200,113100,5529,1910,2078,0
date ('2006-01-02 00:00:00'),0.5,0,0,2007,456,0,456,0,0,238800,119400,6300,1781,2421,0
date ('2006-01-02 00:00:00'),0.5,0,0,1389,183,0,183,0,0,124200,62100,3257,837,1213,0
date ('2007-01-02 00:00:00'),0.5,0,0,754,673,0,673,0,0,294000,147000,7012,2564,2601,0
date ('2007-01-02 00:00:00'),0.5,0,0,1290,699,0,699,0,0,368700,184350,7676,2622,2975,0
date ('2007-01-02 00:00:00'),0.5,0,0,462,372,0,372,0,0,203400,101700,3773,1392,1426,0
date ('2008-01-02 00:00:00'),0.5,0,0,1619,775,0,775,0,0,393600,196800,9289,3125,3443,0
date ('2008-01-02 00:00:00'),0.5,0,0,2300,602,0,602,0,0,465600,232800,9969,3125,3849,0
date ('2008-01-02 00:00:00'),0.5,0,0,1114,361,0,361,0,0,243600,121800,5081,1669,1886,0
date ('2009-01-02 00:00:00'),0.5,0,0,811,971,0,971,0,0,545700,272850,10698,4018,3970,0
date ('2009-01-02 00:00:00'),0.5,0,0,612,1336,0,1336,0,0,636300,318150,12392,4742,4753,0
date ('2009-01-02 00:00:00'),0.5,0,0,515,994,0,994,0,0,342000,171000,7322,2828,2716,0
date ('2010-01-02 00:00:00'),0.5,0,0,1143,927,0,927,0,0,651300,325650,12536,4640,4635,0
date ('2010-01-02 00:00:00'),0.5,0,0,1366,1144,0,1144,0,0,783300,391650,15571,5705,5877,0
date ('2010-01-02 00:00:00'),0.5,0,0,481,709,0,709,0,0,468600,234300,7985,3109,2949,0
date ('2011-01-02 00:00:00'),0.5,0,0,960,658,0,658,0,0,793500,396750,13488,5088,4997,0
date ('2011-01-02 00:00:00'),0.5,0,0,830,858,0,858,0,0,961500,480750,16388,6278,6180,0
date ('2011-01-02 00:00:00'),0.5,0,0,1221,438,0,438,0,0,535200,267600,9195,3301,3415,0
date ('2012-01-02 00:00:00'),0.5,0,0,768,507,0,507,0,0,876000,438000,14244,5468,5274,0
date ('2012-01-02 00:00:00'),0.5,0,0,1522,586,0,586,0,0,1042500,521250,17896,6613,6744,0
date ('2012-01-02 00:00:00'),0.5,0,0,1412,458,0,458,0,0,634500,317250,10596,3773,3920,0
date ('2013-01-02 00:00:00'),0.5,0,0,2101,410,0,410,0,0,951600,475800,16387,5772,6045,0
date ('2013-01-02 00:00:00'),0.5,0,0,3132,600,0,600,0,0,1185300,592650,21012,7249,7945,0
date ('2013-01-02 00:00:00'),0.5,0,0,1561,479,0,479,0,0,719700,359850,12145,4314,4489,0
date ('2014-01-02 00:00:00'),0.5,0,0,2161,626,0,626,0,0,1091100,545550,18536,6600,6827,0
date ('2014-01-02 00:00:00'),0.5,0,0,1636,1031,0,1031,0,0,1386300,693150,23290,8722,8801,0
date ('2014-01-02 00:00:00'),0.5,0,0,1989,571,0,571,0,0,830700,415350,14213,4972,5253,0
date ('2015-01-02 00:00:00'),0.5,0,0,2130,832,0,832,0,0,1246500,623250,20954,7610,7765,0
date ('2015-01-02 00:00:00'),0.5,0,0,3818,1004,0,1004,0,0,1532400,766200,27870,9708,10534,0
date ('2015-01-02 00:00:00'),0.5,0,0,1729,684,0,684,0,0,973500,486750,15927,5808,5901,0
date ('2016-01-02 00:00:00'),0.5,0,0,1040,1033,0,1033,0,0,1417500,708750,22396,8625,8301,0
date ('2016-01-02 00:00:00'),0.5,0,0,1085,1730,0,1730,0,0,1835400,917700,30225,11770,11417,0
date ('2016-01-02 00:00:00'),0.5,0,0,1123,1365,0,1365,0,0,1095900,547950,18748,7186,6974,0
date ('2017-01-02 00:00:00'),0.5,0,0,653,709,0,709,0,0,1543200,771600,23029,9017,8527,0
date ('2017-01-02 00:00:00'),0.5,0,0,1909,1049,0,1049,0,0,2000100,1000050,32101,12189,12119,0
date ('2017-01-02 00:00:00'),0.5,0,0,260,913,0,913,0,0,1276800,638400,18988,7591,7067,0
date ('2018-01-02 00:00:00'),0.5,0,0,375,770,0,770,0,0,1616400,808200,24105,9563,8940,0
date ('2018-01-02 00:00:00'),0.5,0,0,334,942,0,942,0,0,2171400,1085700,32516,12954,12260,0
date ('2018-01-02 00:00:00'),0.5,0,0,201,811,0,811,0,0,1321800,660900,19943,7989,7444,0
date ('2019-01-02 00:00:00'),0.5,0,0,1918,464,0,464,0,0,1704900,852450,26038,9699,9662,0
date ('2019-01-02 00:00:00'),0.5,0,0,1610,551,0,551,0,0,2238900,1119450,34128,13092,12865,0
date ('2019-01-02 00:00:00'),0.5,0,0,796,437,0,437,0,0,1423800,711900,20718,8063,7726,0
date ('2020-01-02 00:00:00'),0.5,0,0,1688,584,0,584,0,0,1832100,916050,27766,10460,10274,0
date ('2020-01-02 00:00:00'),0.5,0,0,2789,621,0,621,0,0,2382000,1191000,36998,13776,13930,0
date ('2020-01-02 00:00:00'),0.5,0,0,1825,435,0,435,0,0,1482000,741000,22800,8482,8526,0
date ('2021-01-02 00:00:00'),0.5,0,0,1051,797,378,419,366,0,1956000,978000,30143,11671,11198,0
date ('2021-01-02 00:00:00'),0.5,0,0,1661,1075,338,737,343,0,2556900,1278450,40554,15656,15248,0
date ('2021-01-02 00:00:00'),0.5,0,0,1704,684,266,418,222,0,1619400,809700,25241,9519,9400,0
date ('2022-01-02 00:00:00'),0.5,0,0,24,350,129,221,735,0,2051700,1025850,30143,12090,11198,0
date ('2022-01-02 00:00:00'),0.5,0,0,1252,643,148,495,750,0,2697900,1348950,41766,16310,15691,0
date ('2022-01-02 00:00:00'),0.5,0,0,26,356,145,211,689,0,1704600,852300,25241,10172,9400,0
date ('2023-01-02 00:00:00'),0.5,0,0,2360,118,45,73,790,0,2066400,1033200,32479,12090,12053,0
date ('2023-01-02 00:00:00'),0.5,0,0,1930,488,48,440,836,0,2801400,1400700,43656,16817,16439,0
date ('2023-01-02 00:00:00'),0.5,0,0,1666,130,45,85,737,0,1723500,861750,26881,10172,10013,0
date ('2024-01-02 00:00:00'),0.5,0,0,1615,348,75,273,1188,0,2155200,1077600,34278,13057,12709,0
date ('2024-01-02 00:00:00'),0.5,0,0,3037,428,45,383,1212,0,2893800,1446900,46651,17610,17532,0
date ('2024-01-02 00:00:00'),0.5,0,0,1232,268,47,221,1035,0,1805100,902550,28199,10882,10515,0
date ('2025-01-02 00:00:00'),0.5,0,0,261,340,158,182,1663,0,2214000,1107000,34861,13846,12932,0
date ('2025-01-02 00:00:00'),0.5,0,0,1710,672,125,547,1627,0,3048900,1524450,48713,18928,18297,0
date ('2025-01-02 00:00:00'),0.5,0,0,477,396,188,208,1435,0,1848300,924150,29434,11667,10989,0
date ('2026-01-02 00:00:00'),0.5,0,0,1961,201,79,122,1930,0,2244000,1122000,37540,14245,13937,0
date ('2026-01-02 00:00:00'),0.5,0,0,1934,657,79,578,1938,0,3175500,1587750,51545,20001,19307,0
date ('2026-01-02 00:00:00'),0.5,0,0,1172,226,50,176,1571,0,1910400,955200,30576,11863,11407,0
date ('2027-01-02 00:00:00'),0.5,0,0,31,677,75,602,2261,0,2330700,1165350,38434,15357,14263,0
date ('2027-01-02 00:00:00'),0.5,0,0,1078,1416,60,1356,2220,0,3288000,1644000,54808,21620,20558,0
date ('2027-01-02 00:00:00'),0.5,0,0,150,551,74,477,1973,0,1959300,979650,32099,12895,11940,0
date ('2028-01-02 00:00:00'),0.5,0,0,1830,228,63,165,2463,0,2361300,1180650,40233,15357,14961,0
date ('2028-01-02 00:00:00'),0.5,0,0,1648,738,44,694,2448,0,3485700,1742850,56399,22015,21155,0
date ('2028-01-02 00:00:00'),0.5,0,0,1516,181,56,125,2169,0,2005500,1002750,33583,12944,12496,0
date ('2029-01-02 00:00:00'),0.5,0,0,31,313,59,254,2795,0,2451600,1225800,40289,16112,14979,0
date ('2029-01-02 00:00:00'),0.5,0,0,413,1544,58,1486,2746,0,3560700,1780350,59340,23668,22205,0
date ('2029-01-02 00:00:00'),0.5,0,0,33,542,60,482,2516,0,2058300,1029150,34489,13922,12842,0
date ('2030-01-02 00:00:00'),0.5,0,0,478,153,62,91,2898,0,2456400,1228200,41032,16209,15254,0
date ('2030-01-02 00:00:00'),0.5,0,0,1144,835,103,732,2970,0,3762900,1881450,60843,23981,22751,0
date ('2030-01-02 00:00:00'),0.5,0,0,510,240,117,123,2770,0,2098500,1049250,35350,14065,13171,0
date ('2031-01-02 00:00:00'),0.5,0,0,962,232,134,98,3112,0,2495700,1247850,43115,16877,16019,0
date ('2031-01-02 00:00:00'),0.5,0,0,1738,542,53,489,3160,0,3839100,1919550,62633,24478,23391,0
date ('2031-01-02 00:00:00'),0.5,0,0,1302,206,97,109,2943,0,2132700,1066350,37276,14506,13896,0
date ('2032-01-02 00:00:00'),0.5,0,0,33,244,80,164,3418,0,2542800,1271400,43778,17514,16245,0
date ('2032-01-02 00:00:00'),0.5,0,0,1937,755,81,674,3568,0,3958500,1979250,65872,25675,24598,0
date ('2032-01-02 00:00:00'),0.5,0,0,397,409,60,349,3346,0,2198400,1099200,38588,15417,14392,0
date ('2033-01-02 00:00:00'),0.5,0,0,529,220,86,134,3594,0,2556900,1278450,45108,17829,16742,0
date ('2033-01-02 00:00:00'),0.5,0,0,415,847,185,662,3984,0,4116600,2058300,67628,26977,25255,0
date ('2033-01-02 00:00:00'),0.5,0,0,217,347,165,182,3777,0,2244300,1122150,39981,16066,14907,0
date ('2034-01-02 00:00:00'),0.5,0,0,1962,196,15,181,3614,0,2611500,1305750,47033,18026,17447,0
date ('2034-01-02 00:00:00'),0.5,0,0,2725,452,46,406,4044,0,4182000,2091000,70286,27130,26227,0
date ('2034-01-02 00:00:00'),0.5,0,0,1010,151,33,118,3832,0,2283600,1141800,40954,16135,15262,0
date ('2035-01-02 00:00:00'),0.5,0,0,100,491,54,437,4063,0,2665800,1332900,47706,19064,17671,0
date ('2035-01-02 00:00:00'),0.5,0,0,191,633,43,590,4331,0,4334400,2167200,70612,28212,26354,0
date ('2035-01-02 00:00:00'),0.5,0,0,97,422,35,387,4046,0,2319600,1159800,41685,16785,15518,0
date ('2036-01-02 00:00:00'),0.5,0,0,839,275,119,156,4245,0,2710200,1355100,48912,19241,18093,0
date ('2036-01-02 00:00:00'),0.5,0,0,1579,609,171,438,4534,0,4356900,2178450,73271,28724,27286,0
date ('2036-01-02 00:00:00'),0.5,0,0,868,496,390,106,4564,0,2348100,1174050,44271,17511,16482,0
date ('2037-01-02 00:00:00'),0.5,0,0,105,811,118,693,4478,0,2761500,1380750,51203,20447,18945,0
date ('2037-01-02 00:00:00'),0.5,0,0,77,1494,83,1411,4667,0,4530300,2265150,76139,30448,28370,0
date ('2037-01-02 00:00:00'),0.5,0,0,39,603,86,517,4758,0,2438100,1219050,45168,18200,16806,0
date ('2038-01-02 00:00:00'),0.5,0,0,474,446,112,334,4919,0,2826600,1413300,52568,20861,19424,0
date ('2038-01-02 00:00:00'),0.5,0,0,682,732,90,642,5024,0,4645500,2322750,77669,30787,28991,0
date ('2038-01-02 00:00:00'),0.5,0,0,410,476,117,359,5226,0,2473500,1236750,47404,18917,17627,0
date ('2039-01-02 00:00:00'),0.5,0,0,1204,243,50,193,5029,0,2877900,1438950,53726,21036,19868,0
date ('2039-01-02 00:00:00'),0.5,0,0,1209,469,23,446,5067,0,4740000,2370000,78801,31030,29406,0
date ('2039-01-02 00:00:00'),0.5,0,0,1065,207,39,168,5414,0,2532900,1266450,48428,19075,18007,0
date ('2040-01-02 00:00:00'),0.5,0,0,801,192,36,156,5303,0,2928600,1464300,54481,21507,20143,0
date ('2040-01-02 00:00:00'),0.5,0,0,1765,326,48,278,5337,0,4792800,2396400,80489,31476,30032,0
date ('2040-01-02 00:00:00'),0.5,0,0,1885,179,65,114,5650,0,2568600,1284300,50271,19481,18672,0
date ('2041-01-02 00:00:00'),0.5,0,0,716,232,69,163,5455,0,2973900,1486950,55439,21935,20500,0
date ('2041-01-02 00:00:00'),0.5,0,0,3300,539,249,290,5752,0,4886100,2443050,84777,32555,31601,0
date ('2041-01-02 00:00:00'),0.5,0,0,1397,238,64,174,6038,0,2646300,1323150,51664,20251,19232,0
date ('2042-01-02 00:00:00'),0.5,0,0,823,312,146,166,5717,0,3013200,1506600,57557,22741,21293,0
date ('2042-01-02 00:00:00'),0.5,0,0,2004,810,53,757,5900,0,5108100,2554050,86703,33849,32338,0
date ('2042-01-02 00:00:00'),0.5,0,0,1092,262,90,172,6312,0,2706900,1353450,52912,20892,19673,0
date ('2043-01-02 00:00:00'),0.5,0,0,674,248,66,182,5937,0,3073200,1536600,58635,23238,21690,0
date ('2043-01-02 00:00:00'),0.5,0,0,2436,728,101,627,6380,0,5210400,2605200,90327,35063,33734,0
date ('2043-01-02 00:00:00'),0.5,0,0,1595,291,112,179,6851,0,2757000,1378500,55934,21882,20769,0
date ('2044-01-02 00:00:00'),0.5,0,0,284,485,146,339,6190,0,3114600,1557300,60388,24116,22335,0
date ('2044-01-02 00:00:00'),0.5,0,0,611,931,237,694,6865,0,5386200,2693100,92435,36628,34511,0
date ('2044-01-02 00:00:00'),0.5,0,0,341,534,223,311,7416,0,2842800,1421400,57695,23135,21410,0
date ('2045-01-02 00:00:00'),0.5,0,0,3366,252,31,221,6243,0,3177600,1588800,63703,24212,23587,0
date ('2045-01-02 00:00:00'),0.5,0,0,1181,564,44,520,6901,0,5470800,2735400,93537,36851,34907,0
date ('2045-01-02 00:00:00'),0.5,0,0,1444,274,55,219,7491,0,2901900,1450950,59090,23249,21931,0
date ('2046-01-02 00:00:00'),0.5,0,0,106,794,51,743,6570,0,3339300,1669650,64215,25710,23758,0
date ('2046-01-02 00:00:00'),0.5,0,0,140,588,26,562,7067,0,5558700,2779350,94063,37491,35086,0
date ('2046-01-02 00:00:00'),0.5,0,0,53,942,52,890,7746,0,2960700,1480350,60833,24467,22581,0
date ('2047-01-02 00:00:00'),0.5,0,0,1639,404,92,312,6708,0,3377400,1688700,66124,25860,24456,0
date ('2047-01-02 00:00:00'),0.5,0,0,2484,453,146,307,7304,0,5597100,2798550,97257,37847,36249,0
date ('2047-01-02 00:00:00'),0.5,0,0,1231,408,158,250,8129,0,3037200,1518600,62510,24654,23183,0
date ('2048-01-02 00:00:00'),0.5,0,0,3157,534,106,428,6949,0,3500700,1750350,70222,26871,25971,0
date ('2048-01-02 00:00:00'),0.5,0,0,3053,667,123,544,7547,0,5771700,2885850,101092,39150,37700,0
date ('2048-01-02 00:00:00'),0.5,0,0,1785,396,140,256,8441,0,3107700,1553850,65457,25584,24238,0
date ('2049-01-02 00:00:00'),0.5,0,0,432,794,89,705,7306,0,3672900,1836450,71041,28309,26289,0
date ('2049-01-02 00:00:00'),0.5,0,0,1005,960,150,810,7912,0,5942100,2971050,102915,40706,38368,0
date ('2049-01-02 00:00:00'),0.5,0,0,504,797,237,560,8932,0,3210300,1605150,68009,27134,25186,0
