fangdatum;waegedatum;weiher;geschlecht;gewicht
03.02.2022;03.02.2022;BL198;M;5.34
03.02.2022;03.02.2022;BL198;M;5.72
03.02.2022;03.02.2022;BL198;M;5.74
03.02.2022;03.02.2022;BL198;M;7.58
03.02.2022;03.02.2022;BL197;M;6.8
04.02.2022;04.02.2022;BL197;M;6.56
04.02.2022;04.02.2022;BL197;M;8.58
04.02.2022;04.02.2022;BL196;W;7.12
04.02.2022;04.02.2022;BL198;W;5.14
04.02.2022;04.02.2022;BL198;W;9.04
04.02.2022;04.02.2022;BL198;W;10.4
04.02.2022;04.02.2022;BL198;W;6.46
04.02.2022;04.02.2022;BL198;W;9.42
04.02.2022;04.02.2022;BL198;M;7.38
04.02.2022;04.02.2022;BL198;M;6.06
05.02.2022;05.02.2022;BL197;M;5.74
05.02.2022;05.02.2022;BL198;M;7.48
05.02.2022;05.02.2022;BL198;M;8.18
05.02.2022;05.02.2022;BL198;M;6.64
05.02.2022;05.02.2022;BL198;M;8.86
07.02.2022;07.02.2022;BL198;M;8.22
07.02.2022;07.02.2022;BL198;M;6.78
07.02.2022;07.02.2022;BL198;M;5.84
07.02.2022;07.02.2022;BL197;J;1.8
07.02.2022;07.02.2022;BL196;M;6.86
11.02.2022;11.02.2022;BL196_197_198;W;8.8
11.02.2022;11.02.2022;BL196_197_198;W;7.26
11.02.2022;11.02.2022;BL196_197_198;M;4.64
11.02.2022;11.02.2022;BL196_197_198;M;6.22
11.02.2022;11.02.2022;BL196_197_198;W;7.86
11.02.2022;11.02.2022;BL196_197_198;M;6.9
11.02.2022;11.02.2022;BL196_197_198;W;6.9
11.02.2022;11.02.2022;BL196_197_198;M;7.1
11.02.2022;11.02.2022;BL196_197_198;M;5.22
11.02.2022;11.02.2022;BL196_197_198;M;5.3
11.02.2022;11.02.2022;BL196_197_198;M;5.64
11.02.2022;11.02.2022;BL196_197_198;M;7.22
11.02.2022;11.02.2022;BL196_197_198;M;5.88
11.02.2022;11.02.2022;BL196_197_198;W;5.38
11.02.2022;11.02.2022;BL196_197_198;J;2.36
12.02.2022;12.02.2022;BL196;M;8.66
15.02.2022;15.02.2022;BL198;M;8.14
15.02.2022;15.02.2022;BL197;M;5.96
15.02.2022;15.02.2022;BL197;M;5.48
16.02.2022;16.02.2022;BL196;M;6.66
16.02.2022;16.02.2022;BL198;M;4.24
16.02.2022;16.02.2022;BL198;W;7.96
17.02.2022;17.02.2022;BL196;M;8.66
17.02.2022;17.02.2022;BL196;M;6.62
17.02.2022;17.02.2022;BL196;M;6.26
17.02.2022;17.02.2022;BL196;M;7.88
17.02.2022;17.02.2022;BL196;W;7.24
17.02.2022;17.02.2022;BL196;M;5.84
17.02.2022;17.02.2022;BL196;M;7.22
17.02.2022;17.02.2022;BL196;M;9.54
17.02.2022;17.02.2022;BL196;M;9.42
17.02.2022;17.02.2022;BL196;M;5.98
17.02.2022;17.02.2022;BL196;M;7.54
17.02.2022;17.02.2022;BL196;M;5.9
17.02.2022;17.02.2022;BL196;M;8.58
17.02.2022;17.02.2022;BL196;M;7.7
17.02.2022;17.02.2022;BL196;M;8.54
17.02.2022;17.02.2022;BL196;M;8.32
17.02.2022;17.02.2022;BL196;M;9.76
17.02.2022;17.02.2022;BL196;M;9.42
17.02.2022;17.02.2022;BL196;M;6.66
17.02.2022;17.02.2022;BL196;W;8.1
17.02.2022;17.02.2022;BL198;M;6.48
17.02.2022;17.02.2022;BL198;M;6.42
17.02.2022;17.02.2022;BL198;W;7.88
17.02.2022;17.02.2022;BL198;W;6.82
17.02.2022;17.02.2022;BL198;M;6.86
17.02.2022;17.02.2022;BL198;W;7.72
17.02.2022;17.02.2022;BL198;M;8.62
17.02.2022;17.02.2022;BL198;W;5.64
17.02.2022;17.02.2022;BL198;W;6.54
17.02.2022;17.02.2022;BL198;M;6.12
17.02.2022;17.02.2022;BL198;W;6.38
17.02.2022;17.02.2022;BL198;M;5.38
17.02.2022;17.02.2022;BL198;W;6.6
17.02.2022;17.02.2022;BL198;M;6.94
17.02.2022;17.02.2022;BL198;M;6.46
17.02.2022;17.02.2022;BL198;M;7.6
17.02.2022;17.02.2022;BL198;M;6.88
17.02.2022;17.02.2022;BL198;M;6.4
17.02.2022;17.02.2022;BL198;M;6.14
17.02.2022;17.02.2022;BL198;M;4.56
17.02.2022;17.02.2022;BL198;M;7.02
17.02.2022;17.02.2022;BL198;M;7
17.02.2022;17.02.2022;BL198;M;8.36
17.02.2022;17.02.2022;BL198;M;6.88
17.02.2022;17.02.2022;BL198;M;6.14
17.02.2022;17.02.2022;BL198;W;8.24
17.02.2022;17.02.2022;BL198;M;5.9
17.02.2022;17.02.2022;BL198;M;6.68
17.02.2022;17.02.2022;BL198;M;6.78
17.02.2022;17.02.2022;BL198;M;8
17.02.2022;17.02.2022;BL198;M;5.64
17.02.2022;17.02.2022;BL198;M;7.08
17.02.2022;17.02.2022;BL198;J;1.98
17.02.2022;17.02.2022;BL198;M;6.34
17.02.2022;17.02.2022;BL198;W;9.08
17.02.2022;17.02.2022;BL198;M;5.34
17.02.2022;17.02.2022;BL198;M;6.1
17.02.2022;17.02.2022;BL198;M;8.88
17.02.2022;17.02.2022;BL198;M;7.62
17.02.2022;17.02.2022;BL198;M;6.44
17.02.2022;17.02.2022;BL198;M;7
17.02.2022;17.02.2022;BL198;M;5.82
17.02.2022;17.02.2022;BL198;W;12.56
17.02.2022;17.02.2022;BL198;M;7.92
17.02.2022;17.02.2022;BL198;M;6.68
17.02.2022;17.02.2022;BL198;M;6.3
17.02.2022;17.02.2022;BL198;M;5.62
17.02.2022;17.02.2022;BL198;W;9.24
17.02.2022;17.02.2022;BL198;M;5.74
17.02.2022;17.02.2022;BL198;M;7.3
17.02.2022;17.02.2022;BL198;M;6.58
17.02.2022;17.02.2022;BL198;W;8.2
17.02.2022;17.02.2022;BL198;M;7.32
17.02.2022;17.02.2022;BL198;W;5.8
17.02.2022;17.02.2022;BL198;M;6.68
17.02.2022;17.02.2022;BL198;M;8.28
17.02.2022;17.02.2022;BL198;M;7.12
17.02.2022;17.02.2022;BL196;M;7.12
17.02.2022;17.02.2022;BL196;W;9.48
17.02.2022;17.02.2022;BL196;M;7.52
17.02.2022;17.02.2022;BL196;M;7.96
17.02.2022;17.02.2022;BL196;M;5.62
17.02.2022;17.02.2022;BL196;M;6.62
17.02.2022;17.02.2022;BL196;W;9.4
17.02.2022;17.02.2022;BL196;M;7.08
17.02.2022;17.02.2022;BL196;M;7.98
17.02.2022;17.02.2022;BL196;M;7.26
17.02.2022;17.02.2022;BL196;M;5.22
17.02.2022;17.02.2022;BL196;M;8.54
17.02.2022;17.02.2022;BL196;M;8.88
17.02.2022;17.02.2022;BL196;M;8.08
17.02.2022;17.02.2022;BL191;M;7.72
17.02.2022;17.02.2022;BL191;M;10.88
17.02.2022;17.02.2022;BL197;M;5.86
17.02.2022;17.02.2022;BL197;M;5.38
17.02.2022;17.02.2022;BL197;M;7.54
17.02.2022;17.02.2022;BL197;M;4.78
17.02.2022;17.02.2022;BL197;W;6.72
17.02.2022;17.02.2022;BL197;M;8.8
17.02.2022;17.02.2022;BL197;M;7.84
17.02.2022;17.02.2022;BL197;M;6.22
17.02.2022;17.02.2022;BL197;J;1.4
17.02.2022;17.02.2022;BL197;W;9.3
17.02.2022;17.02.2022;BL197;M;5.34
17.02.2022;17.02.2022;BL197;M;6.78
17.02.2022;17.02.2022;BL197;M;6.22
17.02.2022;17.02.2022;BL197;J;1.24
17.02.2022;17.02.2022;BL197;M;7.08
17.02.2022;17.02.2022;BL197;M;6.3
17.02.2022;17.02.2022;BL197;M;6.8
17.02.2022;17.02.2022;BL197;M;6.46
17.02.2022;17.02.2022;BL197;M;8.8
17.02.2022;17.02.2022;BL197;M;7.56
17.02.2022;17.02.2022;BL197;M;5.86
17.02.2022;17.02.2022;BL197;M;7.08
17.02.2022;17.02.2022;BL198;W;5.78
17.02.2022;17.02.2022;BL198;M;5.42
17.02.2022;17.02.2022;BL198;M;8.26
17.02.2022;17.02.2022;BL198;W;5.8
17.02.2022;17.02.2022;BL198;W;7.08
17.02.2022;17.02.2022;BL198;M;6.04
17.02.2022;17.02.2022;BL198;W;9.68
17.02.2022;17.02.2022;BL198;M;6.94
17.02.2022;17.02.2022;BL198;W;11.02
17.02.2022;17.02.2022;BL198;M;5.4
17.02.2022;17.02.2022;BL198;M;4.84
17.02.2022;17.02.2022;BL198;M;6.7
17.02.2022;17.02.2022;BL198;M;7.8
17.02.2022;17.02.2022;BL198;M;8.7
17.02.2022;17.02.2022;BL198;M;5.92
17.02.2022;17.02.2022;BL198;M;6.98
17.02.2022;17.02.2022;BL198;W;7.82
17.02.2022;17.02.2022;BL198;M;5.64
17.02.2022;17.02.2022;BL198;W;7.46
17.02.2022;17.02.2022;BL198;M;5.24
17.02.2022;17.02.2022;BL198;M;7.36
17.02.2022;17.02.2022;BL198;M;7.66
17.02.2022;17.02.2022;BL198;M;7.04
17.02.2022;17.02.2022;BL198;M;5.28
17.02.2022;17.02.2022;BL198;M;7.34
17.02.2022;17.02.2022;BL198;W;9.08
17.02.2022;17.02.2022;BL198;M;7.64
17.02.2022;17.02.2022;BL198;M;6.34
17.02.2022;17.02.2022;BL198;M;6.72
17.02.2022;17.02.2022;BL198;W;5.8
17.02.2022;17.02.2022;BL198;M;7.26
17.02.2022;17.02.2022;BL198;W;8.88
17.02.2022;17.02.2022;BL198;M;7.8
17.02.2022;17.02.2022;BL198;M;7.1
17.02.2022;17.02.2022;BL198;M;5.56
17.02.2022;17.02.2022;BL198;M;8.12
17.02.2022;17.02.2022;BL198;M;4.6
17.02.2022;17.02.2022;BL198;M;5.5
17.02.2022;17.02.2022;BL198;J;2.98
17.02.2022;17.02.2022;BL198;M;5.82
17.02.2022;17.02.2022;BL198;M;6.46
18.02.2022;18.02.2022;BL198;M;5.88
18.02.2022;18.02.2022;BL198;J;0.96
18.02.2022;18.02.2022;BL198;M;5.5
18.02.2022;18.02.2022;BL198;W;8.16
18.02.2022;18.02.2022;BL198;M;5.92
18.02.2022;18.02.2022;BL198;M;4.66
18.02.2022;18.02.2022;BL198;M;6.66
18.02.2022;18.02.2022;BL198;W;7
18.02.2022;18.02.2022;BL198;M;5.64
18.02.2022;18.02.2022;BL198;W;7.88
18.02.2022;18.02.2022;BL198;W;9.16
18.02.2022;18.02.2022;BL198;M;7.1
18.02.2022;18.02.2022;BL198;M;6.42
18.02.2022;18.02.2022;BL198;J;1.44
18.02.2022;18.02.2022;BL198;W;8.18
18.02.2022;18.02.2022;BL198;W;12.52
18.02.2022;18.02.2022;BL198;W;5.88
18.02.2022;18.02.2022;BL198;M;6.7
18.02.2022;18.02.2022;BL198;M;6.86
18.02.2022;18.02.2022;BL198;M;6.18
18.02.2022;18.02.2022;BL198;M;6.68
18.02.2022;18.02.2022;BL198;M;5.66
18.02.2022;18.02.2022;BL198;J;2.16
18.02.2022;18.02.2022;BL198;M;7.4
18.02.2022;18.02.2022;BL198;W;6.98
18.02.2022;18.02.2022;BL198;M;6.66
18.02.2022;18.02.2022;BL198;M;8.62
18.02.2022;18.02.2022;BL198;W;8.6
18.02.2022;18.02.2022;BL198;W;8.76
18.02.2022;18.02.2022;BL198;M;7.54
18.02.2022;18.02.2022;BL198;M;6.04
18.02.2022;18.02.2022;BL198;W;9.5
18.02.2022;18.02.2022;BL198;M;5.94
18.02.2022;18.02.2022;BL198;M;6.56
18.02.2022;18.02.2022;BL198;M;6.44
18.02.2022;18.02.2022;BL196;M;9.42
18.02.2022;18.02.2022;BL196;M;3.58
18.02.2022;18.02.2022;BL196;M;6.34
18.02.2022;18.02.2022;BL196;M;8.22
18.02.2022;18.02.2022;BL196;M;7.5
18.02.2022;18.02.2022;BL196;M;7.18
18.02.2022;18.02.2022;BL196;M;8.22
18.02.2022;18.02.2022;BL196;W;10.4
18.02.2022;18.02.2022;BL196;M;8.82
18.02.2022;18.02.2022;BL196;W;9.18
18.02.2022;18.02.2022;BL196;M;7.86
18.02.2022;18.02.2022;BL196;M;10.46
18.02.2022;18.02.2022;BL196;M;6.28
18.02.2022;18.02.2022;BL196;W;7.9
18.02.2022;18.02.2022;BL196;M;7.74
18.02.2022;18.02.2022;BL196;M;7.1
18.02.2022;18.02.2022;BL196;M;9.32
18.02.2022;18.02.2022;BL197;M;7.72
18.02.2022;18.02.2022;BL197;M;4.7
18.02.2022;18.02.2022;BL197;M;5.46
18.02.2022;18.02.2022;BL197;M;4.58
18.02.2022;18.02.2022;BL197;W;10.38
18.02.2022;18.02.2022;BL197;M;6.92
18.02.2022;18.02.2022;BL197;M;6.66
18.02.2022;18.02.2022;BL197;M;5.42
18.02.2022;18.02.2022;BL197;M;7.38
18.02.2022;18.02.2022;BL197;M;7.72
18.02.2022;18.02.2022;BL191;M;10.08
18.02.2022;18.02.2022;BL191;M;10.24
18.02.2022;18.02.2022;BL191;M;8.42
18.02.2022;18.02.2022;BL191;M;9.1
19.02.2022;19.02.2022;BL196;M;11
19.02.2022;19.02.2022;BL196;M;7
19.02.2022;19.02.2022;BL196;W;8.78
19.02.2022;19.02.2022;BL196;M;5.88
19.02.2022;19.02.2022;BL196;M;6.3
19.02.2022;19.02.2022;BL196;M;7.32
19.02.2022;19.02.2022;BL196;W;7.72
19.02.2022;19.02.2022;BL196;M;7.2
19.02.2022;19.02.2022;BL196;W;5.94
19.02.2022;19.02.2022;BL196;M;6.76
19.02.2022;19.02.2022;BL196;M;6.32
19.02.2022;19.02.2022;BL196;M;7.86
19.02.2022;19.02.2022;BL196;W;7.92
19.02.2022;19.02.2022;BL196;M;7.5
19.02.2022;19.02.2022;BL196;M;6.68
19.02.2022;19.02.2022;BL196;W;14.08
19.02.2022;19.02.2022;BL196;M;9.72
19.02.2022;19.02.2022;BL196;M;10.42
19.02.2022;19.02.2022;BL196;M;9.18
19.02.2022;19.02.2022;BL196;M;5.34
19.02.2022;19.02.2022;BL196;M;8.64
19.02.2022;19.02.2022;BL196;M;8.12
19.02.2022;19.02.2022;BL196;W;13.22
19.02.2022;19.02.2022;BL196;M;7.44
19.02.2022;19.02.2022;BL196;W;8.26
19.02.2022;19.02.2022;BL196;W;10.94
19.02.2022;19.02.2022;BL196;M;7.4
19.02.2022;19.02.2022;BL196;M;6.82
19.02.2022;19.02.2022;BL196;M;7.66
19.02.2022;19.02.2022;BL196;M;6.06
19.02.2022;19.02.2022;BL196;W;8.44
19.02.2022;19.02.2022;BL196;M;8.14
19.02.2022;19.02.2022;BL196;M;7.32
19.02.2022;19.02.2022;BL196;M;8.24
19.02.2022;19.02.2022;BL196;M;8.48
19.02.2022;19.02.2022;BL196;M;7.12
19.02.2022;19.02.2022;BL196;M;6.7
19.02.2022;19.02.2022;BL196;W;9.3
19.02.2022;19.02.2022;BL196;M;5.5
19.02.2022;19.02.2022;BL196;W;7.9
19.02.2022;19.02.2022;BL196;M;7.36
19.02.2022;19.02.2022;BL196;M;7.14
19.02.2022;19.02.2022;BL196;W;7.5
19.02.2022;19.02.2022;BL197;M;4.22
19.02.2022;19.02.2022;BL197;M;7.12
19.02.2022;19.02.2022;BL197;M;9.08
19.02.2022;19.02.2022;BL197;M;6.36
19.02.2022;19.02.2022;BL197;M;6.52
19.02.2022;19.02.2022;BL197;M;4.84
19.02.2022;19.02.2022;BL197;M;4.16
19.02.2022;19.02.2022;BL197;M;5.11
19.02.2022;19.02.2022;BL197;M;6.32
19.02.2022;19.02.2022;BL197;M;6.08
19.02.2022;19.02.2022;BL197;W;9.18
19.02.2022;19.02.2022;BL197;M;8.12
19.02.2022;19.02.2022;BL197;M;6.38
19.02.2022;19.02.2022;BL197;J;2.46
19.02.2022;19.02.2022;BL197;M;5.78
19.02.2022;19.02.2022;BL197;W;6.88
19.02.2022;19.02.2022;BL197;W;10.1
19.02.2022;19.02.2022;BL197;M;9.08
19.02.2022;19.02.2022;BL197;W;6.5
19.02.2022;19.02.2022;BL197;M;6.1
19.02.2022;19.02.2022;BL197;M;6.9
19.02.2022;19.02.2022;BL197;M;6.08
19.02.2022;19.02.2022;BL197;M;6.54
19.02.2022;19.02.2022;BL197;M;7
19.02.2022;19.02.2022;BL197;M;5.62
19.02.2022;19.02.2022;BL197;W;9.38
19.02.2022;19.02.2022;BL198;W;9.94
19.02.2022;19.02.2022;BL198;M;6.26
19.02.2022;19.02.2022;BL198;M;7.16
19.02.2022;19.02.2022;BL198;M;6.96
19.02.2022;19.02.2022;BL198;M;5.66
19.02.2022;19.02.2022;BL198;W;6.32
19.02.2022;19.02.2022;BL198;M;4.72
19.02.2022;19.02.2022;BL198;W;8.78
19.02.2022;19.02.2022;BL198;W;10.4
19.02.2022;19.02.2022;BL198;W;8.84
19.02.2022;19.02.2022;BL198;M;6.06
19.02.2022;19.02.2022;BL198;M;5.3
19.02.2022;19.02.2022;BL198;M;10.36
19.02.2022;19.02.2022;BL198;M;6.36
19.02.2022;19.02.2022;BL198;M;6.04
19.02.2022;19.02.2022;BL198;W;8
19.02.2022;19.02.2022;BL198;M;7.12
19.02.2022;19.02.2022;BL198;M;5.56
19.02.2022;19.02.2022;BL198;M;5.26
19.02.2022;19.02.2022;BL198;M;5.38
19.02.2022;19.02.2022;BL198;M;4.9
19.02.2022;19.02.2022;BL198;M;7.26
19.02.2022;19.02.2022;BL198;M;8.5
19.02.2022;19.02.2022;BL198;M;7.34
19.02.2022;19.02.2022;BL198;M;6.66
19.02.2022;19.02.2022;BL198;W;6.38
19.02.2022;19.02.2022;BL198;M;6.02
19.02.2022;19.02.2022;BL198;W;5.72
19.02.2022;19.02.2022;BL198;M;8.38
19.02.2022;19.02.2022;BL198;M;5.4
19.02.2022;19.02.2022;BL198;M;5.42
19.02.2022;19.02.2022;BL198;J;2.26
19.02.2022;19.02.2022;BL198;M;5.14
19.02.2022;19.02.2022;BL198;M;5.5
19.02.2022;19.02.2022;BL198;M;6.86
19.02.2022;19.02.2022;BL198;W;7.96
19.02.2022;19.02.2022;BL198;M;7.96
19.02.2022;19.02.2022;BL198;M;6.88
19.02.2022;19.02.2022;BL198;M;5.92
19.02.2022;19.02.2022;BL198;W;6.72
19.02.2022;19.02.2022;BL198;W;9.66
19.02.2022;19.02.2022;BL198;W;10.76
19.02.2022;19.02.2022;BL198;M;7.06
19.02.2022;19.02.2022;BL191;W;10
19.02.2022;19.02.2022;BL191;M;6.6
20.02.2022;20.02.2022;BL198;M;8.3
20.02.2022;20.02.2022;BL198;W;7.18
20.02.2022;20.02.2022;BL198;M;5.84
20.02.2022;20.02.2022;BL198;W;5.88
20.02.2022;20.02.2022;BL198;M;6.78
20.02.2022;20.02.2022;BL198;W;6.84
20.02.2022;20.02.2022;BL198;M;5.34
20.02.2022;20.02.2022;BL198;W;10.52
20.02.2022;20.02.2022;BL198;M;5.8
20.02.2022;20.02.2022;BL198;M;6.58
20.02.2022;20.02.2022;BL196;M;7.82
20.02.2022;20.02.2022;BL196;M;7.36
20.02.2022;20.02.2022;BL196;M;7.84
21.02.2022;21.02.2022;BL197;M;6.58
21.02.2022;21.02.2022;BL197;M;5.02
21.02.2022;21.02.2022;BL197;W;7.9
21.02.2022;21.02.2022;BL197;M;5.64
21.02.2022;21.02.2022;BL197;M;3.94
21.02.2022;21.02.2022;BL197;M;7.26
21.02.2022;21.02.2022;BL197;W;6.78
21.02.2022;21.02.2022;BL197;W;7
21.02.2022;21.02.2022;BL197;M;6.94
21.02.2022;21.02.2022;BL191;M;9.34
21.02.2022;21.02.2022;BL191;M;8.68
21.02.2022;21.02.2022;BL191;M;9.56
21.02.2022;21.02.2022;BL198;M;7.1
21.02.2022;21.02.2022;BL198;M;7.18
21.02.2022;21.02.2022;BL198;W;9.36
21.02.2022;21.02.2022;BL198;W;6.2
21.02.2022;21.02.2022;BL198;W;13.78
21.02.2022;21.02.2022;BL198;W;11.18
21.02.2022;21.02.2022;BL198;M;5.68
21.02.2022;21.02.2022;BL198;M;7.14
21.02.2022;21.02.2022;BL198;W;9.82
21.02.2022;21.02.2022;BL198;M;6.22
21.02.2022;21.02.2022;BL198;M;6.42
21.02.2022;21.02.2022;BL198;M;8.9
21.02.2022;21.02.2022;BL198;M;7.58
21.02.2022;21.02.2022;BL198;W;6.08
21.02.2022;21.02.2022;BL198;M;7
21.02.2022;21.02.2022;BL198;M;5.18
21.02.2022;21.02.2022;BL198;W;8.84
21.02.2022;21.02.2022;BL198;W;9.94
21.02.2022;21.02.2022;BL198;M;6.1
21.02.2022;21.02.2022;BL198;M;5.14
21.02.2022;21.02.2022;BL196;M;7.12
21.02.2022;21.02.2022;BL196;W;12.36
21.02.2022;21.02.2022;BL196;M;6.6
21.02.2022;21.02.2022;BL196;M;7
21.02.2022;21.02.2022;BL196;M;6.16
21.02.2022;21.02.2022;BL196;W;8
21.02.2022;21.02.2022;BL196;M;8.24
21.02.2022;21.02.2022;BL196;M;9.6
21.02.2022;21.02.2022;BL196;W;10.26
21.02.2022;21.02.2022;BL196;W;8.4
21.02.2022;21.02.2022;BL196;M;6.12
21.02.2022;21.02.2022;BL196;M;11.32
21.02.2022;21.02.2022;BL196;M;8.1
21.02.2022;21.02.2022;BL196;W;8.22
21.02.2022;21.02.2022;BL196;M;5.94
22.02.2022;22.02.2022;BL197;W;10.94
22.02.2022;22.02.2022;BL196;W;8.1
22.02.2022;22.02.2022;BL196;M;8.08
22.02.2022;22.02.2022;BL196;M;4.86
22.02.2022;22.02.2022;BL191;W;9.36
22.02.2022;22.02.2022;BL198;M;7.5
22.02.2022;22.02.2022;BL198;W;9.46
22.02.2022;22.02.2022;BL198;J;1.9
22.02.2022;22.02.2022;BL198;M;8.6
22.02.2022;22.02.2022;BL198;M;5.92
23.02.2022;23.02.2022;BL197;J;1.96
23.02.2022;23.02.2022;BL197;M;5.88
23.02.2022;23.02.2022;BL196;M;5.3
23.02.2022;23.02.2022;BL196;M;9.4
23.02.2022;23.02.2022;BL196;M;6.54
23.02.2022;23.02.2022;BL198;M;8.76
23.02.2022;23.02.2022;BL198;M;6.68
23.02.2022;23.02.2022;BL198;M;5.96
23.02.2022;23.02.2022;BL198;M;5.54
23.02.2022;23.02.2022;BL198;M;6.86
23.02.2022;23.02.2022;BL198;W;12.68
24.02.2022;24.02.2022;BL196;J;1.78
24.02.2022;24.02.2022;BL198;M;5.96
25.02.2022;25.02.2022;BL198;W;9.28
25.02.2022;25.02.2022;BL198;M;6.7
25.02.2022;25.02.2022;BL198;M;6.12
25.02.2022;25.02.2022;BL198;W;9.38
25.02.2022;25.02.2022;BL198;M;5.32
25.02.2022;25.02.2022;BL198;M;6.8
25.02.2022;25.02.2022;BL198;M;6.64
25.02.2022;25.02.2022;BL198;M;5.24
25.02.2022;25.02.2022;BL198;M;6.2
25.02.2022;25.02.2022;BL198;M;5.08
25.02.2022;25.02.2022;BL198;W;5.98
25.02.2022;25.02.2022;BL191;J;1.78
25.02.2022;25.02.2022;BL196_BL197;M;7.48
25.02.2022;25.02.2022;BL196_BL197;M;5.56
25.02.2022;25.02.2022;BL196_BL197;M;9.74
25.02.2022;25.02.2022;BL196_BL197;M;6.06
26.02.2022;26.02.2022;BL191;M;9.64
26.02.2022;26.02.2022;BL196;M;5.94
01.03.2022;01.03.2022;BL196;M;5.74
12.03.2022;12.03.2022;BL196;M;7.48
14.03.2022;14.03.2022;BL191;W;7.38
14.03.2022;14.03.2022;BL191;M;7.3
14.03.2022;14.03.2022;BL191;M;4.24
14.03.2022;14.03.2022;BL197;M;6.06
14.03.2022;14.03.2022;BL197;M;4.74
14.03.2022;14.03.2022;BL197;M;5.92
14.03.2022;14.03.2022;BL197;M;7
14.03.2022;14.03.2022;BL197;M;5.9
14.03.2022;14.03.2022;BL197;M;4.34
14.03.2022;14.03.2022;BL197;W;4.72
14.03.2022;14.03.2022;BL197;M;5.64
14.03.2022;14.03.2022;BL198;M;6.86
14.03.2022;14.03.2022;BL198;M;6.36
14.03.2022;14.03.2022;BL198;W;9.92
14.03.2022;14.03.2022;BL198;W;7.68
14.03.2022;14.03.2022;BL198;M;5.34
14.03.2022;14.03.2022;BL198;M;5.84
14.03.2022;14.03.2022;BL198;M;5.26
14.03.2022;14.03.2022;BL198;M;5.36
14.03.2022;14.03.2022;BL198;M;6.1
14.03.2022;14.03.2022;BL198;J;1.92
14.03.2022;14.03.2022;BL198;W;8.7
14.03.2022;14.03.2022;BL198;W;5.9
14.03.2022;14.03.2022;BL198;W;5.7
14.03.2022;14.03.2022;BL198;M;5.34
14.03.2022;14.03.2022;BL198;M;4.78
14.03.2022;14.03.2022;BL196;M;9.7
14.03.2022;14.03.2022;BL196;W;5.24
14.03.2022;14.03.2022;BL196;M;6.38
14.03.2022;14.03.2022;BL196;J;1.86
14.03.2022;14.03.2022;BL196;M;6
14.03.2022;14.03.2022;BL196;M;7
14.03.2022;14.03.2022;BL196;M;6.12
15.03.2022;15.03.2022;BL191;J;2.12
15.03.2022;15.03.2022;BL191;M;8.76
15.03.2022;15.03.2022;BL191;W;9.68
15.03.2022;15.03.2022;BL196;W;9.32
15.03.2022;15.03.2022;BL196;M;10.28
15.03.2022;15.03.2022;BL196;M;5.02
15.03.2022;15.03.2022;BL198;M;4.9
15.03.2022;15.03.2022;BL198;M;5.34
15.03.2022;15.03.2022;BL198;M;6.06
16.03.2022;16.03.2022;BL191;W;8.58
16.03.2022;16.03.2022;BL191;M;6.78
16.03.2022;16.03.2022;BL191;W;10.46
16.03.2022;16.03.2022;BL191;M;9.86
16.03.2022;16.03.2022;BL191;M;7.62
16.03.2022;16.03.2022;BL191;W;7.28
16.03.2022;16.03.2022;BL191;W;8.9
16.03.2022;16.03.2022;BL197;W;8.98
16.03.2022;16.03.2022;BL197;M;4.62
16.03.2022;16.03.2022;BL197;M;4.16
16.03.2022;16.03.2022;BL198;M;5.02
16.03.2022;16.03.2022;BL198;W;9.62
16.03.2022;16.03.2022;BL198;W;6.74
16.03.2022;16.03.2022;BL198;W;10.46
16.03.2022;16.03.2022;BL198;W;8.76
16.03.2022;16.03.2022;BL196;W;8
16.03.2022;16.03.2022;BL196;W;7.78
16.03.2022;16.03.2022;BL196;M;7.24
16.03.2022;16.03.2022;BL196;W;8.32
16.03.2022;16.03.2022;BL196;M;5.38
16.03.2022;16.03.2022;BL196;M;7.3
16.03.2022;16.03.2022;BL196;M;8.78
16.03.2022;16.03.2022;BL196;W;9.28
16.03.2022;16.03.2022;BL196;M;6.9
16.03.2022;16.03.2022;BL196;M;10.08
16.03.2022;16.03.2022;BL196;M;8.38
16.03.2022;16.03.2022;BL196;W;6.8
16.03.2022;16.03.2022;BL196;M;6.3
16.03.2022;16.03.2022;BL196;M;8.7
16.03.2022;16.03.2022;BL196;M;3.88
17.03.2022;17.03.2022;BL196;M;6.52
17.03.2022;17.03.2022;BL196;M;9.14
17.03.2022;17.03.2022;BL196;W;7.8
17.03.2022;17.03.2022;BL196;W;5.16
17.03.2022;17.03.2022;BL196;M;7.06
17.03.2022;17.03.2022;BL196;J;2
17.03.2022;17.03.2022;BL196;M;6.6
17.03.2022;17.03.2022;BL196;W;9.3
17.03.2022;17.03.2022;BL196;J;1.48
17.03.2022;17.03.2022;BL196;W;8.84
17.03.2022;17.03.2022;BL196;M;3.9
17.03.2022;17.03.2022;BL196;M;8.7
17.03.2022;17.03.2022;BL196;W;10.68
17.03.2022;17.03.2022;BL196;M;6.78
17.03.2022;17.03.2022;BL198;J;2.1
17.03.2022;17.03.2022;BL198;J;2.36
17.03.2022;17.03.2022;BL198;M;6.58
17.03.2022;17.03.2022;BL198;J;1.68
17.03.2022;17.03.2022;BL198;W;5.92
17.03.2022;17.03.2022;BL198;J;1.62
17.03.2022;17.03.2022;BL198;M;5.7
17.03.2022;17.03.2022;BL191;W;7.14
17.03.2022;17.03.2022;BL191;M;7.26
17.03.2022;17.03.2022;BL197;M;6.24
17.03.2022;17.03.2022;BL197;M;6.86
17.03.2022;17.03.2022;BL197;M;7.38
17.03.2022;17.03.2022;BL197;M;5.68
17.03.2022;17.03.2022;BL197;M;4.7
17.03.2022;17.03.2022;BL197;W;6.98
17.03.2022;17.03.2022;BL197;M;7.22
17.03.2022;17.03.2022;BL197;M;7.4
17.03.2022;17.03.2022;BL197;W;6.8
17.03.2022;17.03.2022;BL197;J;1.82
17.03.2022;17.03.2022;BL197;W;8.94
17.03.2022;17.03.2022;BL197;M;6.38
17.03.2022;17.03.2022;BL197;M;6.22
18.03.2022;18.03.2022;BL197;M;6.84
18.03.2022;18.03.2022;BL197;M;5.34
18.03.2022;18.03.2022;BL197;J;2.28
18.03.2022;18.03.2022;BL197;W;8.68
18.03.2022;18.03.2022;BL197;J;2.24
18.03.2022;18.03.2022;BL197;W;7.04
18.03.2022;18.03.2022;BL197;J;1.18
18.03.2022;18.03.2022;BL197;M;6
18.03.2022;18.03.2022;BL197;W;8.58
18.03.2022;18.03.2022;BL197;M;6.12
18.03.2022;18.03.2022;BL197;J;1.76
18.03.2022;18.03.2022;BL197;M;5.74
18.03.2022;18.03.2022;BL197;M;6.86
18.03.2022;18.03.2022;BL197;W;6.54
18.03.2022;18.03.2022;BL197;M;4.1
18.03.2022;18.03.2022;BL197;M;8.46
18.03.2022;18.03.2022;BL197;W;8.16
18.03.2022;18.03.2022;BL197;J;2.62
18.03.2022;18.03.2022;BL197;M;6.58
18.03.2022;18.03.2022;BL197;W;7.26
18.03.2022;18.03.2022;BL197;W;6.54
18.03.2022;18.03.2022;BL197;W;7.5
18.03.2022;18.03.2022;BL197;M;6.18
18.03.2022;18.03.2022;BL197;M;7.12
18.03.2022;18.03.2022;BL197;M;6.8
18.03.2022;18.03.2022;BL196;J;1.26
18.03.2022;18.03.2022;BL196;J;1.32
18.03.2022;18.03.2022;BL196;M;6.54
18.03.2022;18.03.2022;BL196;W;6.72
18.03.2022;18.03.2022;BL196;M;5.52
18.03.2022;18.03.2022;BL196;M;7.6
18.03.2022;18.03.2022;BL196;M;8.62
18.03.2022;18.03.2022;BL196;J;1.86
18.03.2022;18.03.2022;BL196;J;1.58
18.03.2022;18.03.2022;BL196;W;8.62
18.03.2022;18.03.2022;BL196;M;5.72
18.03.2022;18.03.2022;BL196;J;2.48
18.03.2022;18.03.2022;BL196;M;3.98
18.03.2022;18.03.2022;BL196;M;7.9
18.03.2022;18.03.2022;BL196;J;3
18.03.2022;18.03.2022;BL196;J;1.58
18.03.2022;18.03.2022;BL196;W;7.46
18.03.2022;18.03.2022;BL196;W;7.34
18.03.2022;18.03.2022;BL196;M;7.34
18.03.2022;18.03.2022;BL196;W;6.72
18.03.2022;18.03.2022;BL196;M;5.4
18.03.2022;18.03.2022;BL196;M;7.9
18.03.2022;18.03.2022;BL196;M;8.98
18.03.2022;18.03.2022;BL196;M;6.46
18.03.2022;18.03.2022;BL196;M;6
18.03.2022;18.03.2022;BL196;M;8.66
18.03.2022;18.03.2022;BL196;M;9.68
18.03.2022;18.03.2022;BL196;M;7.4
18.03.2022;18.03.2022;BL196;M;9.82
18.03.2022;18.03.2022;BL196;M;8.98
18.03.2022;18.03.2022;BL196;M;6.06
18.03.2022;18.03.2022;BL196;M;9.32
18.03.2022;18.03.2022;BL196;W;8.28
18.03.2022;18.03.2022;BL196;J;1.86
18.03.2022;18.03.2022;BL196;J;1.74
18.03.2022;18.03.2022;BL196;W;8.56
18.03.2022;18.03.2022;BL196;M;8.98
18.03.2022;18.03.2022;BL196;J;1.74
18.03.2022;18.03.2022;BL196;M;6.6
18.03.2022;18.03.2022;BL196;W;9.64
18.03.2022;18.03.2022;BL196;J;2.52
18.03.2022;18.03.2022;BL191;W;10.94
18.03.2022;18.03.2022;BL191;W;7.26
18.03.2022;18.03.2022;BL191;W;7.22
18.03.2022;18.03.2022;BL198;M;7.64
18.03.2022;18.03.2022;BL198;J;1.68
18.03.2022;18.03.2022;BL198;M;4.82
18.03.2022;18.03.2022;BL198;M;6.06
18.03.2022;18.03.2022;BL198;J;1.68
18.03.2022;18.03.2022;BL198;M;5.88
18.03.2022;18.03.2022;BL198;M;5.46
18.03.2022;18.03.2022;BL198;W;8.64
18.03.2022;18.03.2022;BL198;M;7.92
18.03.2022;18.03.2022;BL198;W;6.42
18.03.2022;18.03.2022;BL198;M;5.4
18.03.2022;18.03.2022;BL198;M;5.08
18.03.2022;18.03.2022;BL198;W;7.26
18.03.2022;18.03.2022;BL198;M;6.4
18.03.2022;18.03.2022;BL198;M;5.92
18.03.2022;18.03.2022;BL198;J;2.5
18.03.2022;18.03.2022;BL198;W;8.5
18.03.2022;18.03.2022;BL198;W;10.6
18.03.2022;18.03.2022;BL198;W;7.3
18.03.2022;18.03.2022;BL198;M;6.52
18.03.2022;18.03.2022;BL198;M;6.68
18.03.2022;18.03.2022;BL198;M;4.22
18.03.2022;18.03.2022;BL198;M;8
18.03.2022;18.03.2022;BL198;J;2.78
18.03.2022;18.03.2022;BL198;W;7.44
18.03.2022;18.03.2022;BL198;W;8.78
18.03.2022;18.03.2022;BL198;J;2.52
19.03.2022;19.03.2022;BL197;W;9.88
19.03.2022;19.03.2022;BL197;M;5.12
19.03.2022;19.03.2022;BL197;J;1.66
19.03.2022;19.03.2022;BL198;W;12.68
19.03.2022;19.03.2022;BL198;W;13.26
19.03.2022;19.03.2022;BL198;M;6.56
19.03.2022;19.03.2022;BL198;M;6.46
19.03.2022;19.03.2022;BL198;J;1.7
19.03.2022;19.03.2022;BL198;M;6.24
19.03.2022;19.03.2022;BL191;W;8.16
19.03.2022;19.03.2022;BL196;W;6.32
19.03.2022;19.03.2022;BL196;J;1.36
19.03.2022;19.03.2022;BL196;W;7.04
19.03.2022;19.03.2022;BL196;M;7.88
19.03.2022;19.03.2022;BL196;J;1.36
21.03.2022;21.03.2022;BL197;M;5.02
21.03.2022;21.03.2022;BL197;M;6.22
21.03.2022;21.03.2022;BL191;W;8.24
21.03.2022;21.03.2022;BL196;J;2.62
22.03.2022;22.03.2022;BL197;M;5.38
22.03.2022;22.03.2022;BL197;J;1.7
24.03.2022;24.03.2022;BL191;M;7.2
24.03.2022;24.03.2022;BL197;M;7.78
25.03.2022;25.03.2022;BL198;M;6.74
25.03.2022;25.03.2022;BL197;W;4.08
25.03.2022;25.03.2022;BL197;J;1.64
25.03.2022;25.03.2022;BL197;M;5.22
25.03.2022;25.03.2022;BL197;M;6.74
25.03.2022;25.03.2022;BL196;M;8.3
26.03.2022;26.03.2022;BL197;W;7.74
26.03.2022;26.03.2022;BL197;J;2.64
26.03.2022;26.03.2022;BL196;W;7.98
26.03.2022;26.03.2022;BL196;J;1.52
26.03.2022;26.03.2022;BL191;W;7.76
27.03.2022;27.03.2022;BL191;J;2.12
27.03.2022;27.03.2022;BL197;J;2.84
27.03.2022;27.03.2022;BL197;M;7.12
27.03.2022;27.03.2022;BL197;W;7.4
27.03.2022;27.03.2022;BL197;W;7.36
28.03.2022;28.03.2022;BL197;W;4.56
28.03.2022;28.03.2022;BL197;M;4.5
28.03.2022;28.03.2022;BL197;M;4.56
28.03.2022;28.03.2022;BL197;J;2.06
28.03.2022;28.03.2022;BL197;J;1.16
29.03.2022;29.03.2022;BL197;J;2.76
29.03.2022;29.03.2022;BL197;J;2.42
29.03.2022;29.03.2022;BL197;J;2.24
30.03.2022;30.03.2022;BL191;M;10.8
30.03.2022;30.03.2022;BL191;M;8.2
30.03.2022;30.03.2022;BL191;W;7.62
30.03.2022;30.03.2022;BL196;J;1.64
30.03.2022;30.03.2022;BL196;J;2
30.03.2022;30.03.2022;BL196;J;1.48
30.03.2022;30.03.2022;BL196;J;2.06
30.03.2022;30.03.2022;BL196;J;1.46
30.03.2022;30.03.2022;BL196;J;1.54
30.03.2022;30.03.2022;BL196;J;1.92
30.03.2022;30.03.2022;BL196;J;1.42
30.03.2022;30.03.2022;BL196;M;6.26
30.03.2022;30.03.2022;BL196;M;7.7
30.03.2022;30.03.2022;BL196;M;5.68
30.03.2022;30.03.2022;BL196;M;5.38
30.03.2022;30.03.2022;BL196;M;6.02
30.03.2022;30.03.2022;BL196;W;6.98
30.03.2022;30.03.2022;BL196;W;6.2
30.03.2022;30.03.2022;BL196;W;5.86
30.03.2022;30.03.2022;BL196;W;8.76
30.03.2022;30.03.2022;BL196;W;4.74
30.03.2022;30.03.2022;BL198;J;1.96
30.03.2022;30.03.2022;BL198;J;2.26
30.03.2022;30.03.2022;BL198;J;3.12
30.03.2022;30.03.2022;BL198;M;5.18
30.03.2022;30.03.2022;BL198;M;6.66
30.03.2022;30.03.2022;BL198;M;5.34
30.03.2022;30.03.2022;BL198;M;5.48
30.03.2022;30.03.2022;BL198;W;6.96
30.03.2022;30.03.2022;BL198;W;7.78
30.03.2022;30.03.2022;BL198;W;6.96
30.03.2022;30.03.2022;BL198;W;8.04
30.03.2022;30.03.2022;BL197;J;3.28
30.03.2022;30.03.2022;BL197;J;1.48
30.03.2022;30.03.2022;BL197;J;1.48
30.03.2022;30.03.2022;BL197;J;2.3
30.03.2022;30.03.2022;BL197;J;1.56
30.03.2022;30.03.2022;BL197;J;1.68
30.03.2022;30.03.2022;BL197;J;1.46
30.03.2022;30.03.2022;BL197;J;1.54
30.03.2022;30.03.2022;BL197;J;1.68
30.03.2022;30.03.2022;BL197;J;1.02
30.03.2022;30.03.2022;BL197;M;5.16
30.03.2022;30.03.2022;BL197;M;5.74
30.03.2022;30.03.2022;BL197;M;4.64
30.03.2022;30.03.2022;BL197;M;4.4
30.03.2022;30.03.2022;BL197;M;4.92
30.03.2022;30.03.2022;BL197;M;5.82
30.03.2022;30.03.2022;BL197;M;5.44
30.03.2022;30.03.2022;BL197;M;5.98
30.03.2022;30.03.2022;BL197;W;6.84
30.03.2022;30.03.2022;BL197;W;7.88
30.03.2022;30.03.2022;BL197;W;8.04
30.03.2022;30.03.2022;BL197;W;7.78
30.03.2022;30.03.2022;BL197;W;9.56
31.03.2022;31.03.2022;BL198;J;2.32
31.03.2022;31.03.2022;BL198;J;2.42
31.03.2022;31.03.2022;BL198;J;1.88
31.03.2022;31.03.2022;BL198;J;2.24
31.03.2022;31.03.2022;BL198;J;1.64
31.03.2022;31.03.2022;BL198;M;6.66
31.03.2022;31.03.2022;BL198;M;6.54
31.03.2022;31.03.2022;BL198;M;8.06
31.03.2022;31.03.2022;BL198;M;6.96
31.03.2022;31.03.2022;BL198;M;7.52
31.03.2022;31.03.2022;BL198;M;4.56
31.03.2022;31.03.2022;BL198;M;4.46
31.03.2022;31.03.2022;BL198;M;7.06
31.03.2022;31.03.2022;BL198;M;5.14
31.03.2022;31.03.2022;BL198;W;6.26
31.03.2022;31.03.2022;BL198;W;8
31.03.2022;31.03.2022;BL198;W;6.08
31.03.2022;31.03.2022;BL198;W;8.38
31.03.2022;31.03.2022;BL198;W;8.54
31.03.2022;31.03.2022;BL198;W;9.98
31.03.2022;31.03.2022;BL198;W;8.98
31.03.2022;31.03.2022;BL198;W;6.02
31.03.2022;31.03.2022;BL196;J;1.7
31.03.2022;31.03.2022;BL196;J;2.06
31.03.2022;31.03.2022;BL196;J;2.42
31.03.2022;31.03.2022;BL196;J;1.28
31.03.2022;31.03.2022;BL196;J;2.4
31.03.2022;31.03.2022;BL196;J;2.12
31.03.2022;31.03.2022;BL196;J;2.2
31.03.2022;31.03.2022;BL196;J;2.9
31.03.2022;31.03.2022;BL196;M;3.48
31.03.2022;31.03.2022;BL196;M;5.8
31.03.2022;31.03.2022;BL196;M;7.08
31.03.2022;31.03.2022;BL196;M;8.62
31.03.2022;31.03.2022;BL196;M;9.22
31.03.2022;31.03.2022;BL196;M;7
31.03.2022;31.03.2022;BL196;M;7.64
31.03.2022;31.03.2022;BL196;M;5.82
31.03.2022;31.03.2022;BL196;M;6.28
31.03.2022;31.03.2022;BL196;M;7.4
31.03.2022;31.03.2022;BL196;W;6.04
31.03.2022;31.03.2022;BL196;W;8.18
31.03.2022;31.03.2022;BL196;W;4.74
31.03.2022;31.03.2022;BL196;W;8.5
31.03.2022;31.03.2022;BL196;W;10.8
31.03.2022;31.03.2022;BL196;W;5.18
31.03.2022;31.03.2022;BL196;W;8.3
31.03.2022;31.03.2022;BL196;W;7.9
31.03.2022;31.03.2022;BL191;W;10.92
31.03.2022;31.03.2022;BL191;M;3.96
31.03.2022;31.03.2022;BL191;W;8.36
31.03.2022;31.03.2022;BL191;J;3.3
31.03.2022;31.03.2022;BL197;J;1.14
31.03.2022;31.03.2022;BL197;J;1.66
31.03.2022;31.03.2022;BL197;J;2.34
31.03.2022;31.03.2022;BL197;J;2.4
31.03.2022;31.03.2022;BL197;J;2.32
31.03.2022;31.03.2022;BL197;M;6.02
31.03.2022;31.03.2022;BL197;M;4.44
31.03.2022;31.03.2022;BL197;M;4.48
31.03.2022;31.03.2022;BL197;M;7.5
31.03.2022;31.03.2022;BL197;M;7.8
31.03.2022;31.03.2022;BL197;M;6
31.03.2022;31.03.2022;BL197;M;5.42
31.03.2022;31.03.2022;BL197;M;3.34
31.03.2022;31.03.2022;BL197;M;5
31.03.2022;31.03.2022;BL197;M;5.7
31.03.2022;31.03.2022;BL197;M;7.3
31.03.2022;31.03.2022;BL197;M;3.34
31.03.2022;31.03.2022;BL197;M;5.46
31.03.2022;31.03.2022;BL197;M;6.32
31.03.2022;31.03.2022;BL197;M;5.9
31.03.2022;31.03.2022;BL197;W;4.18
31.03.2022;31.03.2022;BL197;W;5.12
31.03.2022;31.03.2022;BL197;W;7.9
31.03.2022;31.03.2022;BL197;W;4.7
31.03.2022;31.03.2022;BL197;W;7.56
31.03.2022;31.03.2022;BL197;W;4.74
31.03.2022;31.03.2022;BL197;W;6.68
31.03.2022;31.03.2022;BL197;W;8.4
31.03.2022;31.03.2022;BL197;W;6.3
31.03.2022;31.03.2022;BL197;W;6.8
31.03.2022;31.03.2022;BL197;W;7.24
31.03.2022;31.03.2022;BL197;W;8.16
01.04.2022;01.04.2022;BL196;J;1.42
01.04.2022;01.04.2022;BL196;J;1.56
01.04.2022;01.04.2022;BL196;J;1.6
01.04.2022;01.04.2022;BL196;J;1.68
01.04.2022;01.04.2022;BL196;J;1.74
01.04.2022;01.04.2022;BL196;J;1.84
01.04.2022;01.04.2022;BL196;J;1.92
01.04.2022;01.04.2022;BL196;J;1.98
01.04.2022;01.04.2022;BL196;J;2.16
01.04.2022;01.04.2022;BL196;J;2.22
01.04.2022;01.04.2022;BL196;J;2.24
01.04.2022;01.04.2022;BL196;J;2.28
01.04.2022;01.04.2022;BL196;J;2.28
01.04.2022;01.04.2022;BL196;J;2.32
01.04.2022;01.04.2022;BL196;J;2.34
01.04.2022;01.04.2022;BL196;J;2.42
01.04.2022;01.04.2022;BL196;J;2.54
01.04.2022;01.04.2022;BL196;J;2.58
01.04.2022;01.04.2022;BL196;J;2.66
01.04.2022;01.04.2022;BL196;J;3.76
01.04.2022;01.04.2022;BL196;M;4.84
01.04.2022;01.04.2022;BL196;M;5.92
01.04.2022;01.04.2022;BL196;M;6.18
01.04.2022;01.04.2022;BL196;M;7.12
01.04.2022;01.04.2022;BL196;M;7.66
01.04.2022;01.04.2022;BL196;M;7.96
01.04.2022;01.04.2022;BL196;M;8.08
01.04.2022;01.04.2022;BL196;M;8.84
01.04.2022;01.04.2022;BL196;W;5.26
01.04.2022;01.04.2022;BL196;W;5.48
01.04.2022;01.04.2022;BL196;W;6.54
01.04.2022;01.04.2022;BL196;W;7.02
01.04.2022;01.04.2022;BL196;W;7.04
01.04.2022;01.04.2022;BL196;W;7.28
01.04.2022;01.04.2022;BL196;W;7.4
01.04.2022;01.04.2022;BL196;W;7.76
01.04.2022;01.04.2022;BL196;W;8.48
01.04.2022;01.04.2022;BL196;W;8.66
01.04.2022;01.04.2022;BL196;W;9.76
01.04.2022;01.04.2022;BL196;W;10.14
01.04.2022;01.04.2022;BL196;W;10.26
01.04.2022;01.04.2022;BL196;W;10.36
01.04.2022;01.04.2022;BL196;W;10.46
01.04.2022;01.04.2022;BL196;W;11.02
01.04.2022;01.04.2022;BL196;W;11.84
01.04.2022;01.04.2022;BL196;W;11.9
01.04.2022;01.04.2022;BL196;W;11.9
01.04.2022;01.04.2022;BL196;W;12.2
01.04.2022;01.04.2022;BL196;W;14
01.04.2022;01.04.2022;BL198;J;2.06
01.04.2022;01.04.2022;BL198;J;3.34
01.04.2022;01.04.2022;BL198;J;2.6
01.04.2022;01.04.2022;BL198;J;1.84
01.04.2022;01.04.2022;BL198;J;1.88
01.04.2022;01.04.2022;BL198;J;2.04
01.04.2022;01.04.2022;BL198;J;3.24
01.04.2022;01.04.2022;BL198;J;2.98
01.04.2022;01.04.2022;BL198;J;1.62
01.04.2022;01.04.2022;BL198;J;2.14
01.04.2022;01.04.2022;BL198;J;2.34
01.04.2022;01.04.2022;BL198;M;7.22
01.04.2022;01.04.2022;BL198;M;10.02
01.04.2022;01.04.2022;BL198;M;7.5
01.04.2022;01.04.2022;BL198;M;6.32
01.04.2022;01.04.2022;BL198;M;5.08
01.04.2022;01.04.2022;BL198;M;6.6
01.04.2022;01.04.2022;BL198;M;7.9
01.04.2022;01.04.2022;BL198;M;6.02
01.04.2022;01.04.2022;BL198;M;6
01.04.2022;01.04.2022;BL198;M;5.54
01.04.2022;01.04.2022;BL198;M;5.3
01.04.2022;01.04.2022;BL198;M;6.08
01.04.2022;01.04.2022;BL198;M;7.54
01.04.2022;01.04.2022;BL198;M;4.6
01.04.2022;01.04.2022;BL198;M;5.36
01.04.2022;01.04.2022;BL198;M;6.06
01.04.2022;01.04.2022;BL198;W;8.22
01.04.2022;01.04.2022;BL198;W;9.08
01.04.2022;01.04.2022;BL198;W;8.54
01.04.2022;01.04.2022;BL198;W;6.58
01.04.2022;01.04.2022;BL198;W;7.76
01.04.2022;01.04.2022;BL198;W;7.2
01.04.2022;01.04.2022;BL198;W;9.12
01.04.2022;01.04.2022;BL198;W;7.8
01.04.2022;01.04.2022;BL198;W;11.84
01.04.2022;01.04.2022;BL198;W;7.56
01.04.2022;01.04.2022;BL198;W;9.76
01.04.2022;01.04.2022;BL198;W;6.14
01.04.2022;01.04.2022;BL198;W;10.2
01.04.2022;01.04.2022;BL198;W;8.34
01.04.2022;01.04.2022;BL198;W;6.18
01.04.2022;01.04.2022;BL198;W;6.9
01.04.2022;01.04.2022;BL198;W;7.26
01.04.2022;01.04.2022;BL198;W;5.04
01.04.2022;01.04.2022;BL198;W;5.94
01.04.2022;01.04.2022;BL198;W;8.92
01.04.2022;01.04.2022;BL198;W;4.24
01.04.2022;01.04.2022;BL198;W;6.74
01.04.2022;02.04.2022;BL191;W;5.7
01.04.2022;02.04.2022;BL191;M;6.28
01.04.2022;02.04.2022;BL197;J;1.62
01.04.2022;02.04.2022;BL197;J;2.24
01.04.2022;02.04.2022;BL197;J;1.28
01.04.2022;02.04.2022;BL197;J;2.54
01.04.2022;02.04.2022;BL197;J;2.06
01.04.2022;02.04.2022;BL197;J;2.18
01.04.2022;02.04.2022;BL197;J;3.4
01.04.2022;02.04.2022;BL197;J;2.32
01.04.2022;02.04.2022;BL197;J;1.46
01.04.2022;02.04.2022;BL197;J;1.24
01.04.2022;02.04.2022;BL197;J;2.92
01.04.2022;02.04.2022;BL197;J;2.56
01.04.2022;02.04.2022;BL197;J;2.44
01.04.2022;02.04.2022;BL197;M;6.42
01.04.2022;02.04.2022;BL197;M;6.52
01.04.2022;02.04.2022;BL197;M;4.78
01.04.2022;02.04.2022;BL197;M;4.5
01.04.2022;02.04.2022;BL197;M;6.1
01.04.2022;02.04.2022;BL197;M;4.34
01.04.2022;02.04.2022;BL197;M;6.98
01.04.2022;02.04.2022;BL197;M;5.56
01.04.2022;02.04.2022;BL197;M;6.32
01.04.2022;02.04.2022;BL197;M;4.44
01.04.2022;02.04.2022;BL197;M;5.62
01.04.2022;02.04.2022;BL197;W;8.36
01.04.2022;02.04.2022;BL197;W;10.9
01.04.2022;02.04.2022;BL197;W;7.42
01.04.2022;02.04.2022;BL197;W;8.86
01.04.2022;02.04.2022;BL197;W;7.04
01.04.2022;02.04.2022;BL197;W;9.02
01.04.2022;02.04.2022;BL197;W;8.52
01.04.2022;02.04.2022;BL197;W;11.12
01.04.2022;02.04.2022;BL197;W;7.3
01.04.2022;02.04.2022;BL197;W;5.68
01.04.2022;02.04.2022;BL197;W;8.86
01.04.2022;02.04.2022;BL197;W;5.7
01.04.2022;02.04.2022;BL197;W;7.12
02.04.2022;02.04.2022;BL196;W;7.52
02.04.2022;02.04.2022;BL197;M;4.9
02.04.2022;02.04.2022;BL197;M;7.64
02.04.2022;02.04.2022;BL198;W;6.92
02.04.2022;02.04.2022;BL198;W;6.6
02.04.2022;02.04.2022;BL198;W;7.74
02.04.2022;02.04.2022;BL198;J;3.7
03.04.2022;03.04.2022;BL198;W;8.06
05.04.2022;05.04.2022;BL198;J;2.2
05.04.2022;05.04.2022;BL198;J;3.24
05.04.2022;05.04.2022;BL198;J;2.6
05.04.2022;05.04.2022;BL198;J;3.1
05.04.2022;05.04.2022;BL198;J;3.08
05.04.2022;05.04.2022;BL198;M;4.34
05.04.2022;05.04.2022;BL198;M;6.26
05.04.2022;05.04.2022;BL198;M;5.36
05.04.2022;05.04.2022;BL198;W;8.86
05.04.2022;05.04.2022;BL198;W;10.5
05.04.2022;05.04.2022;BL198;W;8.58
05.04.2022;05.04.2022;BL198;W;7.32
05.04.2022;05.04.2022;BL198;W;7.66
05.04.2022;05.04.2022;BL198;W;7.58
05.04.2022;05.04.2022;BL198;W;7.7
05.04.2022;05.04.2022;BL196;M;5.14
05.04.2022;05.04.2022;BL196;W;7.22
05.04.2022;05.04.2022;BL196;J;1.06
05.04.2022;05.04.2022;BL196;J;2.02
05.04.2022;05.04.2022;BL197;W;6.54
05.04.2022;05.04.2022;BL197;J;2.62
05.04.2022;05.04.2022;BL197;W;6.08
05.04.2022;05.04.2022;BL197;W;9.1
05.04.2022;05.04.2022;BL197;W;9.42
06.04.2022;07.04.2022;BL191;J;1.94
06.04.2022;07.04.2022;BL191;J;2.9
06.04.2022;07.04.2022;BL191;J;1.6
06.04.2022;07.04.2022;BL191;J;2.48
06.04.2022;07.04.2022;BL191;W;5.86
06.04.2022;07.04.2022;BL191;W;8
06.04.2022;07.04.2022;BL191;W;9.52
06.04.2022;07.04.2022;BL191;W;7.32
06.04.2022;07.04.2022;BL191;W;6.74
06.04.2022;07.04.2022;BL196;J;1.86
06.04.2022;07.04.2022;BL196;J;2.08
06.04.2022;07.04.2022;BL196;J;1.58
06.04.2022;07.04.2022;BL196;J;1.64
06.04.2022;07.04.2022;BL196;J;3
06.04.2022;07.04.2022;BL196;J;2.12
06.04.2022;07.04.2022;BL196;J;1.82
06.04.2022;07.04.2022;BL196;J;1.32
06.04.2022;07.04.2022;BL196;J;3.18
06.04.2022;07.04.2022;BL196;J;1.5
06.04.2022;07.04.2022;BL196;J;2.84
06.04.2022;07.04.2022;BL196;J;2.78
06.04.2022;07.04.2022;BL196;J;1.94
06.04.2022;07.04.2022;BL196;J;1.86
06.04.2022;07.04.2022;BL196;M;7.52
06.04.2022;07.04.2022;BL196;M;6.4
06.04.2022;07.04.2022;BL196;M;7.9
06.04.2022;07.04.2022;BL196;M;6.88
06.04.2022;07.04.2022;BL196;M;6.82
06.04.2022;07.04.2022;BL196;M;4.64
06.04.2022;07.04.2022;BL196;M;6.92
06.04.2022;07.04.2022;BL196;W;8.58
06.04.2022;07.04.2022;BL196;W;8.58
06.04.2022;07.04.2022;BL196;W;9.24
06.04.2022;07.04.2022;BL196;W;10.4
06.04.2022;07.04.2022;BL196;W;8.38
06.04.2022;07.04.2022;BL197;J;1.92
06.04.2022;07.04.2022;BL197;J;2.08
06.04.2022;07.04.2022;BL197;J;2.86
06.04.2022;07.04.2022;BL197;J;1.24
06.04.2022;07.04.2022;BL197;J;2.58
06.04.2022;07.04.2022;BL197;J;1.42
06.04.2022;07.04.2022;BL197;J;1.94
06.04.2022;07.04.2022;BL197;J;1.94
06.04.2022;07.04.2022;BL197;J;1.98
06.04.2022;07.04.2022;BL197;J;1.18
06.04.2022;07.04.2022;BL197;J;2.66
06.04.2022;07.04.2022;BL197;J;1.88
06.04.2022;07.04.2022;BL197;J;2.14
06.04.2022;07.04.2022;BL197;J;1.54
06.04.2022;07.04.2022;BL197;J;1.94
06.04.2022;07.04.2022;BL197;M;4.52
06.04.2022;07.04.2022;BL197;M;5.22
06.04.2022;07.04.2022;BL197;M;7.54
06.04.2022;07.04.2022;BL197;M;6
06.04.2022;07.04.2022;BL197;M;4.96
06.04.2022;07.04.2022;BL197;M;7.06
06.04.2022;07.04.2022;BL197;M;4.26
06.04.2022;07.04.2022;BL197;M;6.68
06.04.2022;07.04.2022;BL197;M;5.76
06.04.2022;07.04.2022;BL197;W;8.92
06.04.2022;07.04.2022;BL197;W;8.16
06.04.2022;07.04.2022;BL197;W;7.06
06.04.2022;07.04.2022;BL197;W;7.46
06.04.2022;07.04.2022;BL197;W;8.82
06.04.2022;07.04.2022;BL197;W;6.28
06.04.2022;07.04.2022;BL197;W;7.46
06.04.2022;07.04.2022;BL197;W;4.5
06.04.2022;07.04.2022;BL197;W;5.72
06.04.2022;07.04.2022;BL197;W;11.18
06.04.2022;07.04.2022;BL197;W;5.9
06.04.2022;07.04.2022;BL197;W;8
06.04.2022;07.04.2022;BL197;W;7.1
06.04.2022;07.04.2022;BL197;W;7.84
06.04.2022;07.04.2022;BL197;W;5.1
06.04.2022;07.04.2022;BL197;W;5.44
06.04.2022;07.04.2022;BL197;W;7.26
06.04.2022;07.04.2022;BL198;J;2.12
06.04.2022;07.04.2022;BL198;J;2.34
06.04.2022;07.04.2022;BL198;J;2.48
06.04.2022;07.04.2022;BL198;J;2.04
06.04.2022;07.04.2022;BL198;J;2.75
06.04.2022;07.04.2022;BL198;J;1.72
06.04.2022;07.04.2022;BL198;J;1.86
06.04.2022;07.04.2022;BL198;J;3.42
06.04.2022;07.04.2022;BL198;J;2.7
06.04.2022;07.04.2022;BL198;J;2.06
06.04.2022;07.04.2022;BL198;J;2.12
06.04.2022;07.04.2022;BL198;M;6.98
06.04.2022;07.04.2022;BL198;M;6.44
06.04.2022;07.04.2022;BL198;M;5.3
06.04.2022;07.04.2022;BL198;M;5.3
06.04.2022;07.04.2022;BL198;M;4.62
06.04.2022;07.04.2022;BL198;M;6.7
06.04.2022;07.04.2022;BL198;M;5.34
06.04.2022;07.04.2022;BL198;W;8.12
06.04.2022;07.04.2022;BL198;W;7.64
06.04.2022;07.04.2022;BL198;W;6.02
06.04.2022;07.04.2022;BL198;W;7.8
06.04.2022;07.04.2022;BL198;W;7.5
06.04.2022;07.04.2022;BL198;W;6.08
06.04.2022;07.04.2022;BL198;W;7.64
06.04.2022;07.04.2022;BL198;W;6.28
06.04.2022;07.04.2022;BL198;W;6.12
06.04.2022;07.04.2022;BL198;W;6.14
06.04.2022;07.04.2022;BL198;W;8.34
06.04.2022;07.04.2022;BL198;W;11.62
06.04.2022;07.04.2022;BL198;W;7.72
06.04.2022;07.04.2022;BL198;W;7.62
06.04.2022;07.04.2022;BL198;W;6.16
06.04.2022;07.04.2022;BL198;W;6.04
06.04.2022;07.04.2022;BL198;W;5.86
07.04.2022;07.04.2022;BL191;W;8.92
07.04.2022;07.04.2022;BL191;W;7
07.04.2022;07.04.2022;BL191;W;5.54
07.04.2022;07.04.2022;BL191;W;6.8
07.04.2022;07.04.2022;BL191;W;7.1
07.04.2022;07.04.2022;BL196;J;1.32
07.04.2022;07.04.2022;BL196;J;2.46
07.04.2022;07.04.2022;BL196;J;1.74
07.04.2022;07.04.2022;BL196;J;1.66
07.04.2022;07.04.2022;BL196;J;1.86
07.04.2022;07.04.2022;BL196;J;1.7
07.04.2022;07.04.2022;BL196;J;1.94
07.04.2022;07.04.2022;BL196;J;2.4
07.04.2022;07.04.2022;BL196;J;2.36
07.04.2022;07.04.2022;BL196;J;1.34
07.04.2022;07.04.2022;BL196;J;1.66
07.04.2022;07.04.2022;BL196;J;1.7
07.04.2022;07.04.2022;BL196;J;2.6
07.04.2022;07.04.2022;BL196;J;1.82
07.04.2022;07.04.2022;BL196;J;2.52
07.04.2022;07.04.2022;BL196;J;2.2
07.04.2022;07.04.2022;BL196;M;6.76
07.04.2022;07.04.2022;BL196;M;6.28
07.04.2022;07.04.2022;BL196;M;4.76
07.04.2022;07.04.2022;BL196;W;8.44
07.04.2022;07.04.2022;BL196;W;7.06
07.04.2022;07.04.2022;BL196;W;5.12
07.04.2022;07.04.2022;BL196;W;7.98
07.04.2022;07.04.2022;BL196;W;11.8
07.04.2022;07.04.2022;BL196;W;6.3
07.04.2022;07.04.2022;BL196;W;5.9
07.04.2022;07.04.2022;BL196;W;7.1
07.04.2022;07.04.2022;BL196;W;8.7
07.04.2022;08.04.2022;BL197;J;2.68
07.04.2022;08.04.2022;BL197;J;2.26
07.04.2022;08.04.2022;BL197;J;2.36
07.04.2022;08.04.2022;BL197;J;1.92
07.04.2022;08.04.2022;BL197;J;2.02
07.04.2022;08.04.2022;BL197;M;3.2
07.04.2022;08.04.2022;BL197;M;5.7
07.04.2022;08.04.2022;BL197;M;4.44
07.04.2022;08.04.2022;BL197;M;8.28
07.04.2022;08.04.2022;BL197;W;4.88
07.04.2022;08.04.2022;BL197;W;6.48
07.04.2022;08.04.2022;BL197;W;6.98
07.04.2022;08.04.2022;BL197;W;6.32
07.04.2022;08.04.2022;BL197;W;4.5
07.04.2022;08.04.2022;BL197;W;7.26
07.04.2022;08.04.2022;BL197;W;7.58
07.04.2022;08.04.2022;BL197;W;6.14
07.04.2022;08.04.2022;BL197;W;7.98
07.04.2022;08.04.2022;BL197;W;9.14
07.04.2022;08.04.2022;BL197;W;9.56
07.04.2022;08.04.2022;BL197;W;7.2
07.04.2022;08.04.2022;BL197;W;7.08
07.04.2022;08.04.2022;BL197;W;8.64
07.04.2022;08.04.2022;BL197;W;8.5
07.04.2022;08.04.2022;BL197;W;4.36
07.04.2022;08.04.2022;BL198;J;2.12
07.04.2022;08.04.2022;BL198;J;2.3
07.04.2022;08.04.2022;BL198;J;2.48
07.04.2022;08.04.2022;BL198;J;1.6
07.04.2022;08.04.2022;BL198;J;1.8
07.04.2022;08.04.2022;BL198;J;2.1
07.04.2022;08.04.2022;BL198;J;2.14
07.04.2022;08.04.2022;BL198;M;5.3
07.04.2022;08.04.2022;BL198;M;8.54
07.04.2022;08.04.2022;BL198;M;6.92
07.04.2022;08.04.2022;BL198;M;4.56
07.04.2022;08.04.2022;BL198;M;6.26
07.04.2022;08.04.2022;BL198;M;5.48
07.04.2022;08.04.2022;BL198;W;12.46
07.04.2022;08.04.2022;BL198;W;5.82
07.04.2022;08.04.2022;BL198;W;7.6
07.04.2022;08.04.2022;BL198;W;11.26
07.04.2022;08.04.2022;BL198;W;12.36
07.04.2022;08.04.2022;BL198;W;7.52
07.04.2022;08.04.2022;BL198;W;6.36
07.04.2022;08.04.2022;BL198;W;7.6
07.04.2022;08.04.2022;BL198;W;4.44
07.04.2022;08.04.2022;BL198;W;7.76
07.04.2022;08.04.2022;BL198;W;6.36
07.04.2022;08.04.2022;BL198;W;10.34
07.04.2022;08.04.2022;BL198;W;8.28
07.04.2022;08.04.2022;BL198;W;6.86
07.04.2022;08.04.2022;BL198;W;6.36
07.04.2022;08.04.2022;BL198;W;7.64
08.04.2022;08.04.2022;BL197;J;3.26
08.04.2022;08.04.2022;BL197;J;4.44
08.04.2022;08.04.2022;BL197;J;1.82
08.04.2022;08.04.2022;BL197;J;2.2
08.04.2022;08.04.2022;BL197;J;2.24
08.04.2022;08.04.2022;BL197;J;1.04
08.04.2022;08.04.2022;BL197;J;3.12
08.04.2022;08.04.2022;BL197;J;2.8
08.04.2022;08.04.2022;BL197;M;6.48
08.04.2022;08.04.2022;BL197;M;6.06
08.04.2022;08.04.2022;BL197;M;4.5
08.04.2022;08.04.2022;BL197;M;5.16
08.04.2022;08.04.2022;BL197;M;4.24
08.04.2022;08.04.2022;BL197;M;4.86
08.04.2022;08.04.2022;BL197;M;5.38
08.04.2022;08.04.2022;BL197;M;5.32
08.04.2022;08.04.2022;BL197;W;9.64
08.04.2022;08.04.2022;BL197;W;8.34
08.04.2022;08.04.2022;BL197;W;6.36
08.04.2022;08.04.2022;BL197;W;6.3
08.04.2022;08.04.2022;BL197;W;8.36
08.04.2022;08.04.2022;BL197;W;8.04
08.04.2022;08.04.2022;BL191;M;8.76
08.04.2022;08.04.2022;BL191;W;7.56
08.04.2022;08.04.2022;BL191;J;1.94
08.04.2022;08.04.2022;BL191;J;2.54
08.04.2022;08.04.2022;BL196;J;1.48
08.04.2022;08.04.2022;BL196;J;3.32
08.04.2022;08.04.2022;BL196;J;3.44
08.04.2022;08.04.2022;BL196;J;2.7
08.04.2022;08.04.2022;BL196;J;2.54
08.04.2022;08.04.2022;BL196;J;1.96
08.04.2022;08.04.2022;BL196;J;2.08
08.04.2022;08.04.2022;BL196;J;2.58
08.04.2022;08.04.2022;BL196;J;1.84
08.04.2022;08.04.2022;BL196;J;1.98
08.04.2022;08.04.2022;BL196;J;2.28
08.04.2022;08.04.2022;BL196;J;1.62
08.04.2022;08.04.2022;BL196;J;1.9
08.04.2022;08.04.2022;BL196;M;6.98
08.04.2022;08.04.2022;BL196;M;6.48
08.04.2022;08.04.2022;BL196;M;6
08.04.2022;08.04.2022;BL196;W;10.68
08.04.2022;08.04.2022;BL196;W;7.14
08.04.2022;08.04.2022;BL196;W;10.62
08.04.2022;08.04.2022;BL196;W;12.22
08.04.2022;08.04.2022;BL198;J;3.02
08.04.2022;08.04.2022;BL198;J;2.68
08.04.2022;08.04.2022;BL198;J;1.74
08.04.2022;08.04.2022;BL198;J;2.68
08.04.2022;08.04.2022;BL198;J;1.22
08.04.2022;08.04.2022;BL198;M;6.08
08.04.2022;08.04.2022;BL198;M;6.48
08.04.2022;08.04.2022;BL198;M;4.1
08.04.2022;08.04.2022;BL198;M;4.44
08.04.2022;08.04.2022;BL198;M;4.42
08.04.2022;08.04.2022;BL198;M;5.8
08.04.2022;08.04.2022;BL198;M;7.42
08.04.2022;08.04.2022;BL198;W;11.44
08.04.2022;08.04.2022;BL198;W;7.04
08.04.2022;08.04.2022;BL198;W;8.08
08.04.2022;08.04.2022;BL198;W;9.24
08.04.2022;08.04.2022;BL198;W;10.3
08.04.2022;08.04.2022;BL198;W;11.68
08.04.2022;08.04.2022;BL198;W;8.5
08.04.2022;08.04.2022;BL198;W;7.96
08.04.2022;08.04.2022;BL198;W;7.72
08.04.2022;08.04.2022;BL198;W;7.22
08.04.2022;08.04.2022;BL198;W;7.6
09.04.2022;09.04.2022;BL198;J;2.5
09.04.2022;09.04.2022;BL198;J;2.14
09.04.2022;09.04.2022;BL198;J;1.64
09.04.2022;09.04.2022;BL198;J;3.24
09.04.2022;09.04.2022;BL198;J;2.9
09.04.2022;09.04.2022;BL198;J;1.6
09.04.2022;09.04.2022;BL198;J;1.72
09.04.2022;09.04.2022;BL198;J;1.84
09.04.2022;09.04.2022;BL198;J;2.42
09.04.2022;09.04.2022;BL198;J;1.98
09.04.2022;09.04.2022;BL198;J;2.14
09.04.2022;09.04.2022;BL198;J;2.22
09.04.2022;09.04.2022;BL198;J;1.88
09.04.2022;09.04.2022;BL198;J;1.94
09.04.2022;09.04.2022;BL198;J;2.54
09.04.2022;09.04.2022;BL198;J;3.62
09.04.2022;09.04.2022;BL198;J;1.62
09.04.2022;09.04.2022;BL198;J;2.88
09.04.2022;09.04.2022;BL198;J;1.84
09.04.2022;09.04.2022;BL198;J;1.94
09.04.2022;09.04.2022;BL198;J;3.14
09.04.2022;09.04.2022;BL198;J;3.6
09.04.2022;09.04.2022;BL198;M;6.44
09.04.2022;09.04.2022;BL198;M;6.52
09.04.2022;09.04.2022;BL198;M;5.2
09.04.2022;09.04.2022;BL198;M;5.86
09.04.2022;09.04.2022;BL198;M;5.42
09.04.2022;09.04.2022;BL198;M;7.84
09.04.2022;09.04.2022;BL198;M;3.86
09.04.2022;09.04.2022;BL198;M;6.84
09.04.2022;09.04.2022;BL198;M;5.42
09.04.2022;09.04.2022;BL198;W;7.06
09.04.2022;09.04.2022;BL198;W;7.36
09.04.2022;09.04.2022;BL198;W;6.22
09.04.2022;09.04.2022;BL198;W;8.04
09.04.2022;09.04.2022;BL198;W;8.28
09.04.2022;09.04.2022;BL198;W;9.24
09.04.2022;09.04.2022;BL198;W;3.1
09.04.2022;09.04.2022;BL198;W;8.4
09.04.2022;09.04.2022;BL198;W;4.56
09.04.2022;09.04.2022;BL198;W;6.38
09.04.2022;09.04.2022;BL198;W;8.1
09.04.2022;09.04.2022;BL198;W;5.8
09.04.2022;09.04.2022;BL198;W;5.58
09.04.2022;09.04.2022;BL198;W;5.94
09.04.2022;09.04.2022;BL198;W;6
09.04.2022;09.04.2022;BL198;W;8.08
09.04.2022;09.04.2022;BL198;W;7.8
09.04.2022;09.04.2022;BL198;W;6.14
09.04.2022;09.04.2022;BL198;W;6
09.04.2022;09.04.2022;BL198;W;4.16
09.04.2022;09.04.2022;BL196;J;1.58
09.04.2022;09.04.2022;BL196;J;1.54
09.04.2022;09.04.2022;BL196;J;2.46
09.04.2022;09.04.2022;BL196;J;1.84
09.04.2022;09.04.2022;BL196;J;2.22
09.04.2022;09.04.2022;BL196;J;2.2
09.04.2022;09.04.2022;BL196;J;2.64
09.04.2022;09.04.2022;BL196;J;2.48
09.04.2022;09.04.2022;BL196;J;2.86
09.04.2022;09.04.2022;BL196;J;2.56
09.04.2022;09.04.2022;BL196;J;1.98
09.04.2022;09.04.2022;BL196;J;1.8
09.04.2022;09.04.2022;BL196;J;1.5
09.04.2022;09.04.2022;BL196;J;2.1
09.04.2022;09.04.2022;BL196;W;10.68
09.04.2022;09.04.2022;BL196;W;7.66
09.04.2022;09.04.2022;BL196;W;6.94
09.04.2022;09.04.2022;BL196;W;7.18
09.04.2022;09.04.2022;BL196;W;6.88
09.04.2022;09.04.2022;BL196;W;10.56
09.04.2022;09.04.2022;BL196;W;10.8
09.04.2022;09.04.2022;BL196;W;11.46
09.04.2022;09.04.2022;BL196;W;8.24
09.04.2022;09.04.2022;BL196;W;7.54
09.04.2022;09.04.2022;BL191;W;6.34
09.04.2022;09.04.2022;BL191;J;1.66
09.04.2022;09.04.2022;BL191;J;2.9
09.04.2022;09.04.2022;BL191;J;2.78
09.04.2022;09.04.2022;BL191;J;1.64
09.04.2022;09.04.2022;BL197;J;4.08
09.04.2022;09.04.2022;BL197;J;3.4
09.04.2022;09.04.2022;BL197;J;2.18
09.04.2022;09.04.2022;BL197;J;2.82
09.04.2022;09.04.2022;BL197;J;2.28
09.04.2022;09.04.2022;BL197;J;1.92
09.04.2022;09.04.2022;BL197;J;2.32
09.04.2022;09.04.2022;BL197;J;3.1
09.04.2022;09.04.2022;BL197;J;3.06
09.04.2022;09.04.2022;BL197;J;3.1
09.04.2022;09.04.2022;BL197;J;2
09.04.2022;09.04.2022;BL197;J;3.08
09.04.2022;09.04.2022;BL197;M;5.14
09.04.2022;09.04.2022;BL197;M;4.72
09.04.2022;09.04.2022;BL197;W;4.76
09.04.2022;09.04.2022;BL197;W;7.4
09.04.2022;09.04.2022;BL197;W;5.18
09.04.2022;09.04.2022;BL197;W;9.9
10.04.2022;10.04.2022;BL198;J;3.46
10.04.2022;10.04.2022;BL191;J;2.72
10.04.2022;10.04.2022;BL191;J;2.58
10.04.2022;10.04.2022;BL196;J;1.4
10.04.2022;10.04.2022;BL198;M;8.48
10.04.2022;10.04.2022;BL198;W;7.86
10.04.2022;10.04.2022;BL198;W;6.82
10.04.2022;10.04.2022;BL191;W;9.88
10.04.2022;10.04.2022;BL196;W;8.32
10.04.2022;10.04.2022;BL196;W;9.14
10.04.2022;10.04.2022;BL197;W;9.1
11.04.2022;11.04.2022;BL197;W;6.06
11.04.2022;11.04.2022;BL197;M;6.08
11.04.2022;11.04.2022;BL191;W;9.76
12.04.2022;12.04.2022;BL198;W;9.7
12.04.2022;12.04.2022;BL198;J;1.66
12.04.2022;12.04.2022;BL198;J;2.28
12.04.2022;12.04.2022;BL191;W;9.34
12.04.2022;12.04.2022;BL197;M;7.96
12.04.2022;12.04.2022;BL197;J;1.54
12.04.2022;12.04.2022;BL197;J;2.98
12.04.2022;12.04.2022;BL197;W;8.2
12.04.2022;12.04.2022;BL197;M;7
12.04.2022;12.04.2022;BL196;J;1.34
12.04.2022;12.04.2022;BL196;J;1.7
12.04.2022;12.04.2022;BL196;W;7.16
12.04.2022;12.04.2022;BL196;W;7.58
12.04.2022;12.04.2022;BL196;W;10.06
12.04.2022;12.04.2022;BL196;J;2.8
12.04.2022;12.04.2022;BL196;J;1.72
12.04.2022;12.04.2022;BL196;J;1.72
13.04.2022;13.04.2022;BL191;M;8.38
13.04.2022;13.04.2022;BL191;M;7.38
13.04.2022;13.04.2022;BL198;J;2.92
13.04.2022;13.04.2022;BL198;W;7.06
13.04.2022;13.04.2022;BL198;W;7.08
13.04.2022;13.04.2022;BL198;J;1.34
13.04.2022;13.04.2022;BL198;J;2.58
13.04.2022;13.04.2022;BL198;W;8.22
13.04.2022;13.04.2022;BL198;M;4.96
13.04.2022;13.04.2022;BL198;J;2.34
13.04.2022;13.04.2022;BL196;J;2.8
13.04.2022;13.04.2022;BL196;W;7.22
13.04.2022;13.04.2022;BL196;J;1.78
13.04.2022;13.04.2022;BL196;W;8.66
13.04.2022;13.04.2022;BL196;M;6.06
13.04.2022;13.04.2022;BL196;J;2.26
13.04.2022;13.04.2022;BL197;W;5.2
13.04.2022;13.04.2022;BL197;W;12.26
13.04.2022;13.04.2022;BL197;M;3.3
13.04.2022;13.04.2022;BL197;J;2.02
13.04.2022;13.04.2022;BL197;J;2.32
13.04.2022;13.04.2022;BL197;J;2.46
13.04.2022;13.04.2022;BL197;J;2.02
13.04.2022;13.04.2022;BL197;J;1.32
13.04.2022;13.04.2022;BL197;W;4.16
13.04.2022;13.04.2022;BL197;W;6.34
13.04.2022;13.04.2022;BL197;J;2.1
13.04.2022;13.04.2022;BL197;W;8.44
13.04.2022;13.04.2022;BL197;J;1.22
14.04.2022;14.04.2022;BL191;W;14.54
14.04.2022;14.04.2022;BL191;J;3.18
14.04.2022;14.04.2022;BL196;J;2.52
14.04.2022;14.04.2022;BL196;J;2.06
14.04.2022;14.04.2022;BL196;J;1.86
14.04.2022;14.04.2022;BL196;J;1.58
14.04.2022;14.04.2022;BL196;J;2.52
14.04.2022;14.04.2022;BL196;M;7.1
14.04.2022;14.04.2022;BL196;W;10.12
14.04.2022;14.04.2022;BL196;W;8.42
14.04.2022;14.04.2022;BL196;W;9.2
14.04.2022;14.04.2022;BL196;W;6.82
14.04.2022;14.04.2022;BL198;J;2.5
14.04.2022;14.04.2022;BL198;W;5.96
14.04.2022;14.04.2022;BL198;J;2.2
14.04.2022;14.04.2022;BL198;W;7.76
14.04.2022;14.04.2022;BL197;J;3.92
14.04.2022;14.04.2022;BL197;J;2.6
14.04.2022;14.04.2022;BL197;J;1.5
14.04.2022;14.04.2022;BL197;J;2.36
14.04.2022;14.04.2022;BL197;J;3.56
14.04.2022;14.04.2022;BL197;W;5.96
14.04.2022;14.04.2022;BL197;W;7.84
14.04.2022;14.04.2022;BL197;W;6.04
14.04.2022;14.04.2022;BL197;W;6.16
14.04.2022;14.04.2022;BL197;W;8.56
14.04.2022;14.04.2022;BL197;W;9.76
14.04.2022;14.04.2022;BL197;W;4.54
15.04.2022;15.04.2022;BL191;J;2.38
15.04.2022;15.04.2022;BL196;W;8.04
15.04.2022;15.04.2022;BL196;W;6.16
15.04.2022;15.04.2022;BL196;W;5.44
15.04.2022;15.04.2022;BL196;J;2.08
15.04.2022;15.04.2022;BL196;J;4.22
15.04.2022;15.04.2022;BL196;J;2.46
15.04.2022;15.04.2022;BL196;J;1.34
15.04.2022;15.04.2022;BL197;W;6.86
15.04.2022;15.04.2022;BL197;J;1.96
15.04.2022;15.04.2022;BL197;J;2.08
15.04.2022;15.04.2022;BL197;J;2.32
15.04.2022;15.04.2022;BL197;J;1.82
15.04.2022;15.04.2022;BL198;W;7.32
16.04.2022;16.04.2022;BL198;W;11.56
16.04.2022;16.04.2022;BL198;W;6.34
16.04.2022;16.04.2022;BL198;J;1.76
16.04.2022;16.04.2022;BL198;J;2.74
16.04.2022;16.04.2022;BL198;J;2.42
16.04.2022;16.04.2022;BL198;J;2.72
16.04.2022;16.04.2022;BL197;W;8.56
16.04.2022;16.04.2022;BL197;W;11
16.04.2022;16.04.2022;BL197;W;9.8
16.04.2022;16.04.2022;BL197;J;2.92
16.04.2022;16.04.2022;BL196;W;10.42
16.04.2022;16.04.2022;BL196;W;8.14
16.04.2022;16.04.2022;BL196;W;6.16
16.04.2022;16.04.2022;BL196;W;4.82
16.04.2022;16.04.2022;BL196;J;2.14
16.04.2022;16.04.2022;BL196;J;2.02
16.04.2022;16.04.2022;BL196;J;2.46
17.04.2022;17.04.2022;BL196;J;1.34
17.04.2022;17.04.2022;BL191;J;2.86
17.04.2022;17.04.2022;BL197;J;3.1
20.04.2022;20.04.2022;BL197;J;2.44
20.04.2022;20.04.2022;BL196;J;2.5
20.04.2022;20.04.2022;BL196;J;1.28
22.04.2022;22.04.2022;BL191;M;8.4
24.04.2022;24.04.2022;BL197;J;2.58
24.04.2022;24.04.2022;BL196;W;9.2
25.04.2022;25.04.2022;BL197;M;8.18
25.04.2022;25.04.2022;BL197;W;8.22
25.04.2022;25.04.2022;BL197;J;1.72
26.04.2022;27.04.2022;BL198;J;2.22
26.04.2022;27.04.2022;BL198;W;6.42
26.04.2022;27.04.2022;BL198;J;2.6
26.04.2022;27.04.2022;BL198;J;1.66
26.04.2022;27.04.2022;BL198;J;2.76
26.04.2022;27.04.2022;BL197;J;2.42
26.04.2022;27.04.2022;BL197;M;6.24
26.04.2022;27.04.2022;BL197;M;6.1
26.04.2022;27.04.2022;BL197;M;5.44
26.04.2022;27.04.2022;BL197;J;2.9
26.04.2022;27.04.2022;BL197;J;1.74
26.04.2022;27.04.2022;BL197;J;2.12
26.04.2022;27.04.2022;BL197;J;2.38
26.04.2022;27.04.2022;BL196;M;7.7
26.04.2022;27.04.2022;BL196;M;5.6
26.04.2022;27.04.2022;BL196;J;1.8
26.04.2022;27.04.2022;BL196;J;2.64
26.04.2022;27.04.2022;BL196;J;2.38
26.04.2022;27.04.2022;BL196;J;2.32
26.04.2022;27.04.2022;BL196;J;2.28
26.04.2022;27.04.2022;BL196;J;1.4
26.04.2022;27.04.2022;BL196;W;8.2
27.04.2022;27.04.2022;BL191;J;2.26
27.04.2022;27.04.2022;BL191;W;10.4
27.04.2022;27.04.2022;BL198;W;8.5
27.04.2022;27.04.2022;BL198;J;3.06
27.04.2022;27.04.2022;BL198;J;3.12
27.04.2022;27.04.2022;BL196;W;4.78
27.04.2022;27.04.2022;BL196;M;6.8
27.04.2022;27.04.2022;BL196;J;2.36
27.04.2022;27.04.2022;BL196;J;2.96
28.04.2022;28.04.2022;BL198;M;5.5
28.04.2022;28.04.2022;BL198;J;2.34
28.04.2022;28.04.2022;BL196;J;1.6
28.04.2022;28.04.2022;BL196;J;1.96
28.04.2022;28.04.2022;BL196;J;1.96
28.04.2022;28.04.2022;BL196;J;2.34
29.04.2022;30.04.2022;BL191;M;8.02
30.04.2022;30.04.2022;BL196;J;2.6
30.04.2022;30.04.2022;BL196;W;8.76
30.04.2022;30.04.2022;BL196;J;1.58
30.04.2022;30.04.2022;BL197;J;3.06
01.05.2022;01.05.2022;BL197;J;2.02
01.05.2022;01.05.2022;BL196;W;6.68
01.05.2022;02.05.2022;BL191;M;15.96
01.05.2022;02.05.2022;BL191;W;13.04
01.05.2022;02.05.2022;BL191;M;7.78
01.05.2022;02.05.2022;BL191;M;10.38
01.05.2022;02.05.2022;BL191;M;6.28
01.05.2022;02.05.2022;BL191;W;11.42
01.05.2022;02.05.2022;BL191;W;10.74
01.05.2022;02.05.2022;BL191;M;8.46
01.05.2022;02.05.2022;BL191;M;6.92
01.05.2022;02.05.2022;BL191;M;6.42
01.05.2022;02.05.2022;BL196;M;8.34
02.05.2022;02.05.2022;BL196;W;4.82
01.05.2022;02.05.2022;BL197;J;3.34
03.05.2022;03.05.2022;BL197;W;3.04
08.05.2022;08.05.2022;BL196;W;8.48
08.05.2022;08.05.2022;BL198;M;5.92
13.05.2022;15.05.2022;BL191;M;5.56
13.05.2022;15.05.2022;BL191;M;8.68
13.05.2022;15.05.2022;BL191;M;13.76
18.05.2022;20.05.2022;BL899;W;8.06
18.05.2022;20.05.2022;BL901;W;6.54
18.05.2022;20.05.2022;BL901;M;5.44
18.05.2022;20.05.2022;BL901;W;4.64
